codigo,nombre,poblacion,provincia,canton,caudal,caudal humano,caudal agroganaderia,caudal industrial,caudal turismo,caudal otros,pozos,region de consumo,consumo promedio mensual en metros cubicos,consumo diario en litros
61101,Jacó,11685,6,611,656.23,362.56,91.98,44.00,135.69,19.00,191,Región Pacífico Central,5.56,185.333333333
61102,Tárcoles,5544,6,611,424.68,183.44,156.89,0,83.35,0.00,183,Región Pacífico Central,5.56,185.333333333
10109,Pavas,71384,1,101,38.18,12.50,0,25.68,0,0,26,Región Central,5.45,181.666666667
10108,Mata Redonda,8313,1,101,20.99,9.10,3,5.30,0,3.59,17,Región Central,5.45,181.666666667
10105,Zapote,18679,1,101,139.37,119.42,0,19.95,0,0,25,Región Central,5.45,181.666666667
10104,Catedral,12936,1,101,57.66,27.44,0,20.22,0,10,40,Región Central,5.45,181.666666667
10107,Uruca,31728,1,101,182.55,153.13,0,29.42,0,0,34,Región Central,5.45,181.666666667
10106,San Francisco de Dos Ríos,20209,1,101,40.49,15.53,1.00,23.96,0,0,23,Región Central,5.45,181.666666667
10101,Carmen,2702,1,101,59.65,46.00,0,4.33,9.32,0,32,Región Central,5.45,181.666666667
10103,Hospital,19270,1,101,67.75,32.04,0,25.61,0.10,10.00,39,Región Central,5.45,181.666666667
10102,Merced,12257,1,101,20.49,17.80,0,0.80,1.89,0,26,Región Central,5.45,181.666666667
10602,Tarbaca,1446,1,106,1.50,0.50,1.00,0,0,0,2,Región Central,5.45,181.666666667
60601,Quepos,19858,6,606,230.83,144.57,19.26,63.00,4.00,0,74,Región Pacífico Central,5.56,185.333333333
60603,Naranjito,3677,6,606,41.50,24.50,4.00,0,13.00,0,18,Región Pacífico Central,5.56,185.333333333
10603,Vuelta de Jorco,6499,1,106,3.60,1.10,2.50,0,0,0,3,Región Central,5.45,181.666666667
21404,San Jorge,2673,2,214,33.10,26.10,7.00,0,0,0,8,Región Huetar Norte,5.14,171.333333333
21401,Los Chiles,13262,2,214,262.56,163.29,83.72,12.80,2.75,0,64,Región Huetar Norte,5.14,171.333333333
21402,Caño Negro,1808,2,214,2.50,2.50,0,0,0,0,2,Región Huetar Norte,5.14,171.333333333
21403,El Amparo,5992,2,214,72.58,21.88,33.00,12.50,0,2.20,22,Región Huetar Norte,5.14,171.333333333
11911,Páramo,4410,,,,,,,,,,Región Brunca,5.36,178.666666667
11910,Río Nuevo,3061,,,,,,,,,,Región Brunca,5.36,178.666666667
10606,Monterrey,498,,,,,,,,,,Región Central,5.45,181.666666667
10604,San Gabriel,6061,,,,,,,,,,Región Central,5.45,181.666666667
10605,Legua,1521,,,,,,,,,,Región Central,5.45,181.666666667
40702,La Ribera,6040,4,407,274.86,143.07,3.08,124.21,0,4.50,53,Región Central,5.45,181.666666667
40703,La Asunción,5651,4,407,292.92,197.91,6.00,76.44,11.00,1.57,62,Región Central,5.45,181.666666667
40701,San Antonio,9942,4,407,471.31,449.16,9.15,13.00,0,0.00,35,Región Central,5.45,181.666666667
10202,San Antonio,22554,1,102,98.46,66.20,22.78,6.33,0,3.15,92,Región Central,5.45,181.666666667
10203,San Rafael,21971,1,102,178.41,103.51,27.98,27.56,15.86,3.50,121,Región Central,5.45,181.666666667
10201,Escazú,11984,1,102,69.80,57.84,9.21,2.75,0,0,73,Región Central,5.45,181.666666667
30510,Tres Equis,1808,,,,,,,,,,Región Central,5.45,181.666666667
30511,La Isabel,6116,3,305,0.50,0.50,0,0,0,0,1,Región Central,5.45,181.666666667
30512,Chirripó,4185,,,,,,,,,,Región Central,5.45,181.666666667
30109,Dulce Nombre,10548,3,301,274.21,237.49,16.60,20.12,0,0.00,39,Región Central,5.45,181.666666667
30108,Tierra Blanca,5103,3,301,1.05,1.05,0,0,0,0,2,Región Central,5.45,181.666666667
10804,Mata de Plátano,17370,1,108,13.57,13.57,0,0,0,0,10,Región Central,5.45,181.666666667
10805,Ipís,26033,1,108,6.00,4.00,0,2.00,0,0,6,Región Central,5.45,181.666666667
30105,Aguacaliente o San Franc,31789,3,301,191.01,141.23,17.76,26.42,5,0.60,52,Región Central,5.45,181.666666667
30104,San Nicolás,25948,3,301,125.45,61.50,12.11,45.84,0,6,56,Región Central,5.45,181.666666667
30103,Carmen,17425,3,301,9.78,6.78,0,0,0,0,6,Región Central,5.45,181.666666667
10801,Guadalupe,20663,1,108,19.33,14.78,0,4.55,0,0,16,Región Central,5.45,181.666666667
10802,San Francisco,2032,1,108,15.76,2.00,0,6.50,7.26,0,9,Región Central,5.45,181.666666667
10803,Calle Blancos,18984,1,108,100.52,37.00,0,63.52,0,0,36,Región Central,5.45,181.666666667
21101,Zarcero,4004,2,211,20.15,6.00,9.65,4.50,0,0,10,Región Central,5.45,181.666666667
40202,San Pedro,9932,4,402,8.80,1.80,1.00,0,0,6.00,5,Región Central,5.45,181.666666667
21103,Tapesco,1305,2,211,4.00,0,4.00,0,0,0,2,Región Central,5.45,181.666666667
21102,Laguna,1674,2,211,24.19,0,19.44,4.25,0,0,11,Región Central,5.45,181.666666667
21105,Palmira,1334,2,211,29.45,1.75,16.20,3.50,0,0,16,Región Central,5.45,181.666666667
21104,Guadalupe,1148,2,211,4.00,4.00,0,0,0,0,1,Región Central,5.45,181.666666667
21107,Brisas,2001,2,211,0.50,0.50,0,0,0,0,1,Región Central,5.45,181.666666667
21106,Zapote,739,,,,,,,,,,Región Central,5.45,181.666666667
20505,Concepción,3473,2,205,76.04,40.04,22.50,7.00,6.50,0,62,Región Central,5.45,181.666666667
60504,Bahía Ballena,3306,6,605,177.84,83.87,18.62,3.00,68.35,4.00,119,Región Brunca,5.36,178.666666667
60505,Piedras Blancas,4138,6,605,5.20,3.20,0,0,0,0,2,Región Brunca,5.36,178.666666667
60502,Palmar,9815,6,605,184.29,80.54,2.00,100.75,0.5,0.50,27,Región Brunca,5.36,178.666666667
60503,Sierpe,4205,6,605,26.98,21.98,0,0,0,5.00,3,Región Brunca,5.36,178.666666667
60501,Puerto Cortés,7969,6,605,42.73,17.88,12.75,0,12.10,0,29,Región Brunca,5.36,178.666666667
20212,Zapotal,391,,,,,,,,,,Región Central,5.45,181.666666667
20213,Peñas Blancas,9289,2,202,18.15,4.60,4.75,3.00,3.80,2.00,9,Región Central,5.45,181.666666667
20210,Volio,2270,2,202,3.50,3.50,0,0,0,0,3,Región Central,5.45,181.666666667
20211,Concepción,2348,2,202,2.6,1,0,1.6,0,0,2,Región Central,5.45,181.666666667
30601,Pacayas,5628,,,,,,,,,,Región Central,5.45,181.666666667
30602,Cervantes,6230,3,306,9.50,9.50,0,0,0,0,2,Región Central,5.45,181.666666667
30603,Capellades,2454,,,,,,,,,,Región Central,5.45,181.666666667
10703,Tabarcia,4703,1,107,2.00,2.00,0,0,0,0,2,Región Central,5.45,181.666666667
10702,Guayabo,4449,1,107,0.50,0.50,0,0,0,0,3,Región Central,5.45,181.666666667
10701,Colón,16088,1,107,182.56,139.77,25.59,11.45,4.50,1.25,136,Región Central,5.45,181.666666667
10705,Picagres,675,1,107,7.42,3.42,2.00,2.00,0,0,4,Región Central,5.45,181.666666667
10704,Piedras Negras,379,1,107,4.12,1.62,0,0,2.5,0,4,Región Central,5.45,181.666666667
21202,Sarchí Sur,5143,2,212,6.00,5.00,1.00,0,0,0,4,Región Central,5.45,181.666666667
21203,Toro Amarillo,273,,,,,,,,,,Región Central,5.45,181.666666667
21201,Sarchí Norte,7140,2,212,13.55,5.05,6.50,2.00,0,0,4,Región Central,5.45,181.666666667
21204,San Pedro,3408,2,212,4.50,4.50,0,0,0,0,3,Región Central,5.45,181.666666667
21205,Rodríguez,2121,2,212,5.89,0,5.89,0,0,0,2,Región Central,5.45,181.666666667
11003,San Antonio,4739,1,110,10.62,5.70,4.92,0,0,0,10,Región Central,5.45,181.666666667
11002,San Josecito,10506,,,,,,,,,,Región Central,5.45,181.666666667
11001,Alajuelita,11988,1,110,2.00,2.00,0,0,0,0,1,Región Central,5.45,181.666666667
11005,San Felipe,31649,1,110,1.55,1.55,0,0,0,0,4,Región Central,5.45,181.666666667
11004,Concepción,18721,1,110,0.50,0.50,0,0,0,0,1,Región Central,5.45,181.666666667
60602,Savegre,3326,6,606,86.76,43.26,17.25,4.60,21.65,0,49,Región Pacífico Central,5.56,185.333333333
50901,Carmona,2486,5,509,64.38,50.88,13.00,0,0,0.50,18,Región Chorotega,5.62,187.333333333
50903,Zapotal,1215,5,509,33.86,19.93,6.53,0,4.50,2.90,29,Región Chorotega,5.62,187.333333333
50902,Santa Rita,1446,5,509,163.76,22.01,119.75,0,0,22.00,46,Región Chorotega,5.62,187.333333333
50905,Porvenir,741,5,509,0.05,0.05,0,0,0,0,1,Región Chorotega,5.62,187.333333333
50904,San Pablo,2207,5,509,437.48,123.68,306.00,7.80,0,0,65,Región Chorotega,5.62,187.333333333
50906,Bejuco,3026,5,509,221.79,123.54,68.75,2.00,25.60,0.90,154,Región Chorotega,5.62,187.333333333
51101,Hojancha,4245,5,511,89.22,66.37,13.45,0,2.4,7.00,50,Región Chorotega,5.62,187.333333333
12001,San Pablo,4209,1,120,2.00,0,2.00,0,0,0,1,Región Central,5.45,181.666666667
30204,Cachí,5438,3,302,1.30,0,1.30,0,0,0,1,Región Central,5.45,181.666666667
11403,La Trinidad,19767,1,114,40.29,28.19,4.10,8.00,0,0,15,Región Central,5.45,181.666666667
11402,San Jerónimo,6154,1,114,32.63,21.03,9.60,0,0,2.00,26,Región Central,5.45,181.666666667
11401,San Vicente,30998,1,114,86.91,80.65,1.00,5.26,0,0,32,Región Central,5.45,181.666666667
30205,Llanos de Santa Lucía,17086,,,,,,,,,,Región Central,5.45,181.666666667
40801,San Joaquín,7173,4,408,272.62,87.29,2.50,179.67,3.16,0,27,Región Central,5.45,181.666666667
51102,Monte Romo,671,,,,,,,,,,Región Chorotega,5.62,187.333333333
40803,Llorente,8773,4,408,82.61,55.96,0,26.65,0,0,20,Región Central,5.45,181.666666667
40802,Barrantes,4091,4,408,103.56,86.18,13.10,4.28,0,0,25,Región Central,5.45,181.666666667
30201,Paraíso,20601,3,302,161.85,48.32,56.12,42.71,12,2.70,54,Región Central,5.45,181.666666667
30202,Santiago,5534,3,302,26.96,1.00,16.68,1.13,0,5.00,12,Región Central,5.45,181.666666667
20701,Palmares,3599,2,207,42.77,22.12,11.50,9.15,0,0,30,Región Central,5.45,181.666666667
20702,Zaragoza,8219,2,207,149.74,90.50,34.40,21.44,0,3.40,79,Región Central,5.45,181.666666667
10902,Salitral,4304,1,109,48.01,39.26,8.75,0,0,0,35,Región Central,5.45,181.666666667
20704,Santiago,2737,2,207,24.00,19.50,4.50,0,0,0,8,Región Central,5.45,181.666666667
20705,Candelaria,1961,2,207,13.50,11.50,2.00,0,0,0,7,Región Central,5.45,181.666666667
20706,Esquipulas,6588,2,207,55.25,16.70,23.05,11.50,0,4.00,39,Región Central,5.45,181.666666667
20707,La Granja,4119,2,207,83.05,58.79,22.68,1.58,0,0,47,Región Central,5.45,181.666666667
30804,Patio de Agua,412,,,,,,,,,,Región Central,5.45,181.666666667
30802,San Isidro,9828,3,308,32.59,15.28,12.88,4.00,0,0.43,21,Región Central,5.45,181.666666667
30803,Tobosi,6569,3,308,5.96,2.80,0,3.16,0,0,3,Región Central,5.45,181.666666667
30801,El Tejar,24984,3,308,224.30,86.11,99.21,38.23,0,0.25,76,Región Central,5.45,181.666666667
50704,Colorado,4621,5,507,186.18,129.59,13.70,42.89,0,0,78,Región Chorotega,5.62,187.333333333
50703,San Juan,1585,5,507,59.04,4.50,49.36,2.30,0,2.88,17,Región Chorotega,5.62,187.333333333
50702,Sierra,2351,,,,,,,,,,Región Chorotega,5.62,187.333333333
50701,Las Juntas,9482,5,507,110.50,70.27,29.35,10.57,0,0.31,45,Región Chorotega,5.62,187.333333333
60701,Golfito,11284,6,607,289.47,94.30,0,174.17,17.00,0,34,Región Brunca,5.36,178.666666667
60702,Puerto Jiménez,8789,6,607,76.10,59.55,0,0,16.55,0.00,20,Región Brunca,5.36,178.666666667
11301,San Juan,21745,1,113,10.56,5.67,0,4.89,0,0,11,Región Central,5.45,181.666666667
11302,Cinco Esquinas,5925,1,113,8.21,6.21,0,2.00,0,0,4,Región Central,5.45,181.666666667
11303,Anselmo Llorente,9986,1,113,13.40,12.10,1.00,0.30,0,0,8,Región Central,5.45,181.666666667
11304,León XIII,13661,1,113,9.50,9.50,0,0,0,0,1,Región Central,5.45,181.666666667
11305,Colima,13525,1,113,10.10,1.63,0,8.47,0,0,5,Región Central,5.45,181.666666667
70503,Carrandi,12047,7,705,410.15,77.40,34.39,283.36,0.50,14.50,62,Región Huetar Atlántica,5.13,171
70502,Batán,16532,7,705,322.63,130.15,21.26,160.22,0,11.00,45,Región Huetar Atlántica,5.13,171
70501,Matina,9142,7,705,141.44,53.24,10.00,78.20,0,0,16,Región Huetar Atlántica,5.13,171
20904,Coyolar,5912,2,209,168.19,133.69,27.00,2.50,3,2.00,71,Región Pacífico Central,5.56,185.333333333
20905,La Ceiba,1922,2,209,290.89,113.27,67.25,97.37,13.00,0.00,85,Región Pacífico Central,5.56,185.333333333
20902,El Mastate,1821,2,209,30.40,22.35,7.05,1.00,0,0,16,Región Pacífico Central,5.56,185.333333333
20903,Hacienda Vieja,1022,2,209,39.24,11.20,24.78,1.26,2,0,24,Región Pacífico Central,5.56,185.333333333
20901,Orotina,9664,2,209,143.91,82.35,47.05,14.51,0,0.00,74,Región Pacífico Central,5.56,185.333333333
41002,La Virgen,10521,4,410,128.74,24.84,5.70,91.20,0,7.00,42,Región Huetar Norte,5.14,171.333333333
41003,Las Horquetas,24331,4,410,156.14,43.40,23.12,82.62,0,7.00,28,Región Huetar Atlántica,5.13,171
41001,Puerto Viejo,20184,4,410,404.23,57.83,3.00,336.90,0,6.00,75,Región Huetar Norte,5.14,171.333333333
41004,Llanuras del Gaspar,1160,,,,,,,,,,Región Central,5.45,181.666666667
41005,Cureña,951,,,,,,,,,,Región Central,5.45,181.666666667
10110,Hatillo,50511,1,101,9.35,1.50,0,4.70,0,3.15,7,Región Central,5.45,181.666666667
10111,San Sebastián,40065,1,101,9.08,9.08,0,0,0,0,16,Región Central,5.45,181.666666667
60901,Parrita,16115,6,609,335.22,223.08,45.80,46.55,19.79,0,85,Región Pacífico Central,5.56,185.333333333
11902,El General,6373,1,119,0.1,0,0.1,0,0,0,1,Región Brunca,5.36,178.666666667
11903,Daniel Flores,33537,1,119,48.86,31.98,4.13,12.75,0,0,14,Región Brunca,5.36,178.666666667
70202,Jiménez,10501,7,702,81.68,21.62,17.88,40.18,0,2.00,28,Región Huetar Atlántica,5.13,171
11901,San Isidro de El General,45327,1,119,18.45,13.95,0.50,3.00,1,0,13,Región Brunca,5.36,178.666666667
11906,Platanares,7203,,,,,,,,,,Región Brunca,5.36,178.666666667
11907,Pejibaye,7995,1,119,3.00,3.00,0,0,0,0,1,Región Brunca,5.36,178.666666667
11904,Rivas,6591,,,,,,,,,,Región Brunca,5.36,178.666666667
11905,San Pedro,9102,1,119,2.00,0,2.00,0,0,0,1,Región Brunca,5.36,178.666666667
11908,Cajón,8542,1,119,14.75,0.00,7.00,4.75,3,0,7,Región Brunca,5.36,178.666666667
11909,Barú,2393,1,119,19.26,9.56,6.70,0,3.00,0,18,Región Brunca,5.36,178.666666667
21504,Katira,5127,,,,,,,,,,Región Huetar Norte,5.14,171.333333333
21501,San Rafael,7941,2,215,10.26,4.26,3.00,3,0,0,9,Región Huetar Norte,5.14,171.333333333
21503,Cote,867,2,215,1.00,1.00,0,0,0,0,1,Región Huetar Norte,5.14,171.333333333
21502,Buenavista,1573,2,215,6.50,0,3.00,1.50,1.00,1,4,Región Huetar Norte,5.14,171.333333333
30110,Llano Grande,4342,3,301,28.50,5.70,21.23,1.57,0,0,22,Región Central,5.45,181.666666667
30111,Quebradilla,5349,3,301,66.72,13.90,40.82,12.00,0,0,22,Región Central,5.45,181.666666667
40604,San Francisco,4438,4,406,20.00,20.00,0,0,0,0,4,Región Central,5.45,181.666666667
40603,Concepción,2635,4,406,17.84,11.69,5.15,1.00,0,0,30,Región Central,5.45,181.666666667
40602,San José,7447,4,406,13.65,9.52,0.88,3.00,0,0.25,22,Región Central,5.45,181.666666667
40601,San Isidro,6113,4,406,2.50,2.50,0,0,0,0,5,Región Central,5.45,181.666666667
30701,San Rafael,27248,3,307,100.97,41.06,37.45,20.46,0,2.00,35,Región Central,5.45,181.666666667
30703,Potrero Cerrado,2281,3,307,9.50,0.50,4.00,5.00,0,0,4,Región Central,5.45,181.666666667
30702,Cot,9630,3,307,12.18,4.50,7.68,0,0,0,9,Región Central,5.45,181.666666667
30705,Santa Rosa,2614,,,,,,,,,,Región Central,5.45,181.666666667
30704,Cipreses,3700,3,307,4.00,2.00,2.00,0,0,0,2,Región Central,5.45,181.666666667
30107,Corralillo,10647,,,,,,,,,,Región Central,5.45,181.666666667
30106,Guadalupe o Arenilla,14618,3,301,346.86,144.24,108.50,89.87,0.25,1,95,Región Central,5.45,181.666666667
10806,Rancho Redondo,2538,1,108,3.36,3.36,0,0,0,0,3,Región Central,5.45,181.666666667
10807,Purral,27464,1,108,12.89,11.89,1.00,0,0,0,15,Región Central,5.45,181.666666667
12006,San Antonio,1106,,,,,,,,,,Región Central,5.45,181.666666667
12004,San Isidro,1531,,,,,,,,,,Región Central,5.45,181.666666667
12005,Santa Cruz,1665,1,120,0.5,0.5,0,0,0,0,1,Región Central,5.45,181.666666667
12002,San Andrés,1578,,,,,,,,,,Región Central,5.45,181.666666667
12003,Llano Bonito,2111,1,120,2.00,0,2.00,0,0,0,1,Región Central,5.45,181.666666667
30102,Occidental,9901,3,301,150.41,97.61,0.50,51.80,0,0.50,26,Región Central,5.45,181.666666667
10905,Piedades,8128,1,109,143.97,103.02,20.25,20.10,0.6,0,97,Región Central,5.45,181.666666667
10904,Uruca,7200,1,109,71.55,58.21,7.31,6.03,0,0,73,Región Central,5.45,181.666666667
51104,Huacas,707,5,511,7.40,0.40,7.00,0,0,0,3,Región Chorotega,5.62,187.333333333
10906,Brasil,2586,1,109,69.05,55.19,3.25,9.61,0,1.00,44,Región Central,5.45,181.666666667
10901,Santa Ana,11320,1,109,85.70,63.80,15.56,5.34,0,1.00,80,Región Central,5.45,181.666666667
30101,Oriental,12228,3,301,98.01,92.01,0,6.00,0,0,12,Región Central,5.45,181.666666667
10903,Pozos,15585,1,109,322.41,190.50,62.91,31.40,7.00,30.60,174,Región Central,5.45,181.666666667
30203,Orosi,9084,3,302,15.50,9.50,1.00,4.00,0,1.00,4,Región Central,5.45,181.666666667
40203,San Pablo,8319,4,402,36.00,34.00,2,0,0,0,8,Región Central,5.45,181.666666667
10309,Rosario,3088,1,103,1.20,1.20,0,0,0,0,1,Región Central,5.45,181.666666667
10308,San Cristóbal,3905,,,,,,,,,,Región Central,5.45,181.666666667
10307,Patarrá,11921,1,103,18.05,15.05,1.00,2.00,0,0,10,Región Central,5.45,181.666666667
10306,Frailes,3772,,,,,,,,,,Región Central,5.45,181.666666667
10305,San Antonio,9727,1,103,10.19,8.04,1.15,1.00,0,0,9,Región Central,5.45,181.666666667
10304,San Rafael Arriba,15262,1,103,13.40,9.10,0,4.30,0,0,6,Región Central,5.45,181.666666667
10303,San Juan de Dios,19481,1,103,3.50,1.50,0,2.00,0,0,3,Región Central,5.45,181.666666667
10302,San Miguel,31805,1,103,43.18,36.88,6.30,0,0,0,18,Región Central,5.45,181.666666667
10301,Desamparados,33866,1,103,13.65,9.90,1.75,2.00,0,0,9,Región Central,5.45,181.666666667
60403,San Isidro,3403,6,604,15.06,10.46,2.10,0,0,2.50,15,Región Pacífico Central,5.56,185.333333333
60402,La Unión,1249,,,,,,,,,,Región Pacífico Central,5.56,185.333333333
60401,Miramar,8298,6,604,2.97,1.50,0,0,0,1.47,7,Región Pacífico Central,5.56,185.333333333
40206,San José de la Montaña,5377,4,402,41.47,15.30,15.21,10.96,0,0.00,20,Región Central,5.45,181.666666667
40205,Santa Lucía,7413,4,402,50.60,49.00,0,1.60,0,0,6,Región Central,5.45,181.666666667
40204,San Roque,4622,4,402,6.50,6.50,0,0,0,0,5,Región Central,5.45,181.666666667
70301,Siquirres,31637,7,703,452.45,70.59,53.00,324.86,0,4,63,Región Huetar Atlántica,5.13,171
70303,Florida,2184,7,703,30.00,30.00,0,0,0,0,1,Región Huetar Atlántica,5.13,171
10401,Santiago,11512,1,104,4.91,3.11,1.80,0,0,0.00,6,Región Central,5.45,181.666666667
10402,Mercedes Sur,5866,1,104,1.10,0,1.10,0,0,0,2,Región Central,5.45,181.666666667
10403,Barbacoas,3692,1,104,2.80,2.25,0.50,0,0.05,0,5,Región Central,5.45,181.666666667
10404,Grifo Alto,1182,1,104,6.60,5.00,1.60,0,0,0,5,Región Central,5.45,181.666666667
10405,San Rafael,1730,1,104,1.26,1.26,0,0,0,0,1,Región Central,5.45,181.666666667
10406,Candelarita,1436,1,104,0.25,0,0.25,0,0,0,1,Región Central,5.45,181.666666667
10407,Desamparaditos,666,1,104,0.62,0.62,0,0,0,0,1,Región Central,5.45,181.666666667
10408,San Antonio,3889,1,104,2.50,0.50,2.00,0,0,0,3,Región Central,5.45,181.666666667
10409,Chires,3031,1,104,20.50,20.50,0,0,0,0,5,Región Central,5.45,181.666666667
21303,San José o Pizote,7352,2,213,5.00,5.00,0,0,0,0,4,Región Chorotega,5.62,187.333333333
21302,Aguas Claras,4939,2,213,2.00,2.00,0,0,0,0,1,Región Chorotega,5.62,187.333333333
21301,Upala,16139,2,213,22.81,15.41,2,4.90,0,0,14,Región Chorotega,5.62,187.333333333
21307,Yolillal,3308,2,213,74.00,0,70.00,4.00,0,0,5,Región Chorotega,5.62,187.333333333
21306,Dos Ríos,3194,,,,,,,,,,Región Chorotega,5.62,187.333333333
21305,Delicias,4483,2,213,0.00,0,0,0,0,0,1,Región Chorotega,5.62,187.333333333
21304,Bijagua,4538,2,213,0.75,0.75,0,0,0,0,1,Región Chorotega,5.62,187.333333333
70306,Alegría,5656,7,703,24.30,0,10.00,14.30,0,0,4,Región Huetar Atlántica,5.13,171
20508,Escobal,848,2,205,18.62,11.52,2.50,4.60,0,0,14,Región Central,5.45,181.666666667
60308,Biolley,2455,,,,,,,,,,Región Brunca,5.36,178.666666667
60309,Brunka,3220,6,603,0.50,0.50,0,0,0,0,1,Región Brunca,5.36,178.666666667
40201,Barva,4997,4,402,10.00,10.00,0,0,0,0,2,Región Central,5.45,181.666666667
60301,Buenos Aires,21063,6,603,37.83,25.57,0.50,11.76,0,0,15,Región Brunca,5.36,178.666666667
60302,Volcán,3815,6,603,24.97,1.90,5.50,17.57,0,0,8,Región Brunca,5.36,178.666666667
60303,Potrero Grande,5956,6,603,27.00,27.00,0,0,0,0,6,Región Brunca,5.36,178.666666667
60304,Boruca,3074,6,603,9.50,9.50,0,0,0,0,1,Región Brunca,5.36,178.666666667
60305,Pilas,1659,,,,,,,,,,Región Brunca,5.36,178.666666667
60306,Colinas,1371,6,603,3.00,0,3.00,0,0,0,1,Región Brunca,5.36,178.666666667
60307,Chánguena,2631,6,603,1.00,0,1.00,0,0,0,1,Región Brunca,5.36,178.666666667
20503,Mercedes,3127,2,205,78.01,41.72,34.75,1.54,0,0,48,Región Central,5.45,181.666666667
30402,Tucurrique,4872,,,,,,,,,,Región Central,5.45,181.666666667
30403,Pejibaye,3245,3,304,76.40,76.40,0,0,0,0,4,Región Central,5.45,181.666666667
30401,Juan Viñas,6552,3,304,3.78,0.50,0,3.28,0,0,2,Región Central,5.45,181.666666667
20506,San José,1940,2,205,62.62,43.07,19.55,0,0,0,34,Región Central,5.45,181.666666667
20110,Desamparados,26109,2,201,315.95,139.54,11.50,157.71,6.20,1.00,75,Región Central,5.45,181.666666667
20504,San Isidro,2813,2,205,34.90,20.55,13.85,0.50,0,0,22,Región Central,5.45,181.666666667
40101,Heredia,18697,4,401,101.45,92.00,0,0,0,9.45,5,Región Central,5.45,181.666666667
40102,Mercedes,25744,4,401,202.64,199.64,3,0,0,0,8,Región Central,5.45,181.666666667
40103,San Francisco,49209,4,401,145.49,115.49,10.00,20.00,0,0,27,Región Central,5.45,181.666666667
40104,Ulloa,29266,4,401,345.67,244.27,14.20,75.20,12.00,0.00,51,Región Central,5.45,181.666666667
40105,Varablanca,700,,,,,,,,,,Región Central,5.45,181.666666667
21013,Pocosol,15395,2,210,109.92,80.95,13.64,15.33,0,0,29,Región Huetar Norte,5.14,171.333333333
21012,Monterrey,3455,2,210,93.80,9.50,4.30,0,80.00,0,5,Región Huetar Norte,5.14,171.333333333
21011,Cutris,10334,2,210,163.52,104.87,9.00,39.05,0,7.60,42,Región Huetar Norte,5.14,171.333333333
21010,Venado,1754,2,210,3.00,1.00,2.00,0,0,0,2,Región Huetar Norte,5.14,171.333333333
20308,Bolívar,7265,2,203,9.81,3.31,6.50,0,0,0,9,Región Central,5.45,181.666666667
20304,San Roque,11132,2,203,38.78,30.78,7.00,1.00,0,0,15,Región Central,5.45,181.666666667
20305,Tacares,7963,2,203,14.58,1.50,7.23,5.85,0,0,10,Región Central,5.45,181.666666667
20306,Río Cuarto,11074,2,203,79.78,1.30,14.08,64.40,0,0,28,Región Huetar Norte,5.14,171.333333333
20307,Puente de Piedra,10556,2,203,273.94,72.23,76.65,116.06,2.00,7.00,60,Región Central,5.45,181.666666667
20301,Grecia,14859,2,203,30.67,15.59,0,11.08,0,4.00,20,Región Central,5.45,181.666666667
20302,San Isidro,5949,2,203,94.55,8.31,5.00,78.84,0,2.40,24,Región Central,5.45,181.666666667
20303,San José,8100,2,203,53.45,20.70,18.50,14.00,0,0.25,23,Región Central,5.45,181.666666667
60201,Espíritu Santo,15686,6,602,219.57,192.44,14.16,4.17,8.80,0,75,Región Pacífico Central,5.56,185.333333333
60203,Macacona,4742,6,602,167.73,134.69,23.52,7.52,0,2,46,Región Pacífico Central,5.56,185.333333333
60111,Cóbano,7494,6,601,440.62,204.57,187.34,1.00,32.21,13.00,323,Región Pacífico Central,5.56,185.333333333
60110,Isla del Coco,0,6,601,13.00,6.00,7.00,0,0,0,14,Región Pacífico Central,5.56,185.333333333
60113,Chira,1576,6,601,3.70,3.70,0,0,0,0,6,Región Pacífico Central,5.56,185.333333333
60112,Chacarita,17434,6,601,77.76,55.70,10.36,9.40,2.30,0,34,Región Pacífico Central,5.56,185.333333333
60115,El Roble,15759,6,601,102.00,58.13,1,42.87,0,0,38,Región Pacífico Central,5.56,185.333333333
60114,Acapulco,1296,6,601,35.73,6.00,0,22.73,0,7.00,18,Región Pacífico Central,5.56,185.333333333
20703,Buenos Aires,7493,2,207,109.65,55.58,44.56,9.51,0,0,72,Región Central,5.45,181.666666667
60116,Arancibia,665,,,,,,,,,,Región Pacífico Central,5.56,185.333333333
21001,Quesada,42060,2,210,32.58,26.08,6.50,0,0,0,9,Región Huetar Norte,5.14,171.333333333
11701,Santa María,4621,,,,,,,,,,Región Central,5.45,181.666666667
11702,Jardín,524,,,,,,,,,,Región Central,5.45,181.666666667
11703,Copey,1803,,,,,,,,,,Región Central,5.45,181.666666667
20601,Naranjo,15936,2,206,42.50,13.00,8.00,17.50,0,4.00,22,Región Central,5.45,181.666666667
20603,San José,3162,2,206,9.55,0.50,9.05,0,0,0,5,Región Central,5.45,181.666666667
20602,San Miguel,4657,2,206,38.03,28.00,5.38,2.65,0,2.00,19,Región Central,5.45,181.666666667
20605,San Jerónimo,3264,2,206,4.00,0,2.00,2.00,0,0,2,Región Central,5.45,181.666666667
20604,Cirrí Sur,4552,2,206,3.50,3.50,0,0,0,0,3,Región Central,5.45,181.666666667
20607,El Rosario,3757,2,206,45.09,8.39,29.60,4.10,0,3.00,31,Región Central,5.45,181.666666667
20606,San Juan,3114,2,206,10.15,3.15,7.00,0,0,0,4,Región Central,5.45,181.666666667
20608,Palmitos,4271,,,,,,,,,,Región Central,5.45,181.666666667
40307,Tures,3452,4,403,33.00,19.50,0.50,0,0,10.00,8,Región Central,5.45,181.666666667
40304,Paracito,2231,4,403,0.50,0.50,0,0,0,0,1,Región Central,5.45,181.666666667
40305,Santo Tomás,6267,4,403,70.96,57.66,0,5.00,0,8.30,15,Región Central,5.45,181.666666667
50404,Río Naranjo,1015,,,,,,,,,,Región Chorotega,5.62,187.333333333
50401,Bagaces,12367,5,504,293.75,133.10,122.10,32.15,5.9,0.50,156,Región Chorotega,5.62,187.333333333
50402,La Fortuna,2756,5,504,2.63,0.63,2.00,0,0,0,2,Región Chorotega,5.62,187.333333333
50403,Mogote,3398,5,504,33.32,20.56,2.41,0,3.35,7,19,Región Chorotega,5.62,187.333333333
11803,Sánchez,5364,1,118,105.64,82.72,12.17,1.25,9.50,0,49,Región Central,5.45,181.666666667
11802,Granadilla,14778,1,118,15.30,12.25,0.05,3.00,0,0,9,Región Central,5.45,181.666666667
11801,Curridabat,28817,1,118,319.68,212.87,29.50,77.31,0,0,86,Región Central,5.45,181.666666667
70302,Pacuarito,8756,7,703,442.50,69.98,59.90,310.73,0,1.89,61,Región Huetar Atlántica,5.13,171
70305,El Cairo,6082,7,703,77.76,24.74,2.00,37.52,2.00,11.50,18,Región Huetar Atlántica,5.13,171
70304,Germania,2471,7,703,63.00,0,35.00,28.00,0,0,6,Región Huetar Atlántica,5.13,171
11804,Tirrases,16247,1,118,23.94,21.04,2.90,0,0,0,9,Región Central,5.45,181.666666667
11201,San Ignacio,9016,1,112,1.50,1.50,0,0,0,0,2,Región Central,5.45,181.666666667
11203,Palmichal,4581,1,112,1.20,1.20,0,0,0,0,1,Región Central,5.45,181.666666667
11202,Guaitil,2406,,,,,,,,,,Región Central,5.45,181.666666667
11205,Sabanillas,2331,1,112,2.60,2.60,0,0,0,0,1,Región Central,5.45,181.666666667
11204,Cangrejal,1875,,,,,,,,,,Región Central,5.45,181.666666667
20502,Jesús,3631,2,205,86.23,54.28,23.20,0,1,2.75,57,Región Central,5.45,181.666666667
20114,Sarapiquí,2842,,,,,,,,,,Región Huetar Norte,5.14,171.333333333
20501,Atenas,7546,2,205,117.41,74.46,33.95,2.00,1.00,3.00,72,Región Central,5.45,181.666666667
20111,Turrúcares,7630,2,201,218.32,130.09,46.00,26.47,4.00,7.76,142,Región Central,5.45,181.666666667
20507,Santa Eulalia,2082,2,205,72.17,45.97,21.70,1.50,0,3.00,37,Región Central,5.45,181.666666667
20113,Garita,7277,2,201,465.74,260.04,86.96,81.01,6.80,25.93,270,Región Central,5.45,181.666666667
20112,Tambor,10992,2,201,58.07,35.39,11.87,9.81,0,1.00,40,Región Central,5.45,181.666666667
70604,Río Jiménez,8742,7,706,85.52,22.42,5.00,58.10,0,0,16,Región Huetar Atlántica,5.13,171
70605,Duacarí,6059,7,706,216.97,3.00,29.40,184.57,0,0,29,Región Huetar Atlántica,5.13,171
70601,Guácimo,18326,7,706,64.21,17.60,14.00,31.61,1,0,16,Región Huetar Atlántica,5.13,171
70602,Mercedes,1707,7,706,21.95,12.00,7.50,2.45,0,0,8,Región Huetar Atlántica,5.13,171
70603,Pocora,6432,7,706,10.20,0,10.20,0,0,0,2,Región Huetar Atlántica,5.13,171
50101,Liberia,53382,5,501,1460.75,620.86,625.09,98.87,32.32,83.61,411,Región Chorotega,5.62,187.333333333
50103,Mayorga,1599,5,501,38.06,19.80,16.26,0,0,2.00,19,Región Chorotega,5.62,187.333333333
50102,Cañas Dulces,3230,5,501,130.85,55.00,58.35,7.50,1,9.00,59,Región Chorotega,5.62,187.333333333
50105,Curubandé,2527,5,501,62.96,38.96,17.00,0,5.00,2.00,41,Región Chorotega,5.62,187.333333333
50104,Nacascolo,2249,5,501,465.42,97.88,320.11,14.73,12.40,20.30,128,Región Chorotega,5.62,187.333333333
51103,Puente Carrillo,1574,5,511,85.79,32.76,22.93,1.00,9.60,19.50,48,Región Chorotega,5.62,187.333333333
60803,Aguabuena,6286,6,608,0.50,0,0,0,0.50,0,1,Región Brunca,5.36,178.666666667
60802,Sabalito,10984,6,608,1.69,1.69,0,0,0,0,2,Región Brunca,5.36,178.666666667
60801,San Vito,14834,6,608,5.93,1.93,0.50,1.50,0,0,6,Región Brunca,5.36,178.666666667
60805,Pittier,2758,,,,,,,,,,Región Brunca,5.36,178.666666667
60804,Limoncito,3591,6,608,0.00,0.00,0,0,0,0,2,Región Brunca,5.36,178.666666667
30308,Río Azul,12010,3,303,19.15,5.79,8.00,5.36,0,0,10,Región Central,5.45,181.666666667
30305,Concepción,16515,3,303,28.00,2.50,19.00,6.50,0,0,8,Región Central,5.45,181.666666667
30304,San Rafael,14247,3,303,17.14,5.70,2.50,1.44,3.5,4,10,Región Central,5.45,181.666666667
30307,San Ramón,4054,3,303,12.17,6.39,3.78,0,0,2.00,5,Región Central,5.45,181.666666667
30306,Dulce Nombre,7893,3,303,69.80,61.84,0,7.96,0,0,7,Región Central,5.45,181.666666667
30301,Tres Ríos,9331,3,303,25.40,7.50,0,17.90,0,0,11,Región Central,5.45,181.666666667
30303,San Juan,13729,3,303,13.41,7.16,3.25,0,3.00,0,13,Región Central,5.45,181.666666667
30302,San Diego,21620,3,303,22.16,6.56,0.60,12.00,3.00,0,9,Región Central,5.45,181.666666667
50202,Mansión,5717,5,502,173.74,141.30,29.69,2.00,0,0.75,86,Región Chorotega,5.62,187.333333333
50203,San Antonio,6642,5,502,378.07,201.08,171.99,0,0,5.00,178,Región Chorotega,5.62,187.333333333
50201,Nicoya,24833,5,502,655.28,377.01,250.24,10.53,2.40,15.10,267,Región Chorotega,5.62,187.333333333
50206,Nosara,4912,5,502,304.06,225.61,52.42,0,19.73,6.30,173,Región Chorotega,5.62,187.333333333
50207,Belén de Nosarita,2686,5,502,70.10,63.30,6.80,0,0,0,19,Región Chorotega,5.62,187.333333333
50204,Quebrada Honda,2523,5,502,79.29,73.29,5.00,0,0,1.00,33,Región Chorotega,5.62,187.333333333
50205,Sámara,3512,5,502,190.85,75.53,73.77,16.25,15.30,10.00,102,Región Chorotega,5.62,187.333333333
10310,Damas,13175,1,103,4.00,0.50,0,3.50,0,0,4,Región Central,5.45,181.666666667
10311,San Rafael Abajo,23283,1,103,5.47,5.47,0,0,0,0,1,Región Central,5.45,181.666666667
10312,Gravilias,15024,,,,,,,,,,Región Central,5.45,181.666666667
10313,Los Guido,24102,,,,,,,,,,Región Central,5.45,181.666666667
40504,Ángeles,10232,4,405,127.15,112.05,2.50,6.60,3.00,3.00,28,Región Central,5.45,181.666666667
40505,Concepción,6077,4,405,62.10,53.10,9.00,0,0,0.00,28,Región Central,5.45,181.666666667
40501,San Rafael,9668,4,405,15.70,15.70,0,0,0,0,2,Región Central,5.45,181.666666667
40502,San Josecito,11579,4,405,40.65,25.65,0,15.00,0,0.00,5,Región Central,5.45,181.666666667
40503,Santiago,8409,4,405,13.00,13.00,0,0,0,0,2,Región Central,5.45,181.666666667
20805,Sabana Redonda,2343,2,208,73.31,25.66,38.87,8.78,0,0,21,Región Central,5.45,181.666666667
20804,Carrillos,9228,2,208,31.83,23.53,8.30,0,0,0,16,Región Central,5.45,181.666666667
20803,San Rafael,5436,2,208,12.90,3.50,1.60,4.30,0,2.50,9,Región Central,5.45,181.666666667
20802,San Juan,4638,2,208,13.60,2.50,11.00,0.10,0,0,8,Región Central,5.45,181.666666667
20801,San Pedro,7554,2,208,56.05,19.50,35.55,1.00,0,0,13,Región Central,5.45,181.666666667
60704,Pavón,6159,6,607,67.50,67.50,0,0,0,0,16,Región Brunca,5.36,178.666666667
51004,Santa Elena,2040,5,510,23.44,18.44,5.00,0,0,0,23,Región Chorotega,5.62,187.333333333
51003,La Garita,1688,5,510,31.50,7.00,1.50,23.00,0,0,11,Región Chorotega,5.62,187.333333333
51002,Santa Cecilia,6258,5,510,10.45,10.45,0,0,0,0,6,Región Chorotega,5.62,187.333333333
51001,La Cruz,9195,5,510,220.34,159.70,34.85,0.20,16.09,9.50,98,Región Chorotega,5.62,187.333333333
60703,Guaycará,12918,6,607,311.81,16.50,98.25,196.56,0.50,0,30,Región Brunca,5.36,178.666666667
10501,San Marcos,9993,1,105,10.82,10.32,0.50,0,0,0,4,Región Central,5.45,181.666666667
10503,San Carlos,1893,,,,,,,,,,Región Central,5.45,181.666666667
10502,San Lorenzo,4394,1,105,2.00,0,2.00,0,0,0,2,Región Central,5.45,181.666666667
61004,Laurel,9148,6,610,51.05,35.00,0,16.05,0,0,13,Región Brunca,5.36,178.666666667
61001,Corredor,17250,6,610,492.90,90.80,77.80,314.30,0,10.00,51,Región Brunca,5.36,178.666666667
61002,La Cuesta,3906,6,610,9.00,9.00,0,0,0,0,1,Región Brunca,5.36,178.666666667
61003,Canoas,11527,6,610,7.15,4.89,1.00,1.26,0,0,8,Región Brunca,5.36,178.666666667
21008,La Tigra,6374,,,,,,,,,,Región Huetar Norte,5.14,171.333333333
21009,La Palmera,6321,2,210,21.40,7.00,6.60,7.80,0,0,7,Región Huetar Norte,5.14,171.333333333
40308,Pará,3333,4,403,25.80,19.50,0,6.30,0,0.00,5,Región Central,5.45,181.666666667
60202,San Juan Grande,6171,6,602,263.00,172.19,54.04,32.77,0.50,1.50,112,Región Pacífico Central,5.56,185.333333333
60205,San Jerónimo,751,6,602,23.00,20.50,2.5,0,0,0,4,Región Pacífico Central,5.56,185.333333333
60204,San Rafael,1294,6,602,162.64,123.14,28.50,2.90,2.00,5.60,76,Región Pacífico Central,5.56,185.333333333
40302,San Vicente,6427,4,403,26.28,17.28,5.00,0,0,4,8,Región Central,5.45,181.666666667
40303,San Miguel,6363,4,403,321.54,295.54,13.00,11.50,0,1.50,24,Región Central,5.45,181.666666667
21002,Florencia,15149,2,210,84.16,25.91,4.75,50.50,0,0,20,Región Huetar Norte,5.14,171.333333333
21003,Buenavista,325,,,,,,,,,,Región Huetar Norte,5.14,171.333333333
21004,Aguas Zarcas,20239,2,210,115.83,19.42,10.30,86.11,0,0,25,Región Huetar Norte,5.14,171.333333333
21005,Venecia,9638,2,210,28.79,0,9.04,17.00,2.75,0,8,Región Huetar Norte,5.14,171.333333333
21006,Pital,17318,2,210,139.37,48.71,25.20,61.46,0,4.00,51,Región Huetar Norte,5.14,171.333333333
21007,La Fortuna,15383,2,210,152.93,27.18,31.35,10.05,84.35,0,65,Región Huetar Norte,5.14,171.333333333
30509,Santa Rosa,5232,,,,,,,,,,Región Central,5.45,181.666666667
30508,Tayutic,2374,,,,,,,,,,Región Central,5.45,181.666666667
30503,Peralta,511,3,305,0.50,0,0.50,0,0,0,1,Región Central,5.45,181.666666667
30502,La Suiza,7590,3,305,10.80,10.50,0,0,0.30,0,3,Región Central,5.45,181.666666667
30501,Turrialba,26680,3,305,30.97,27.07,0,3.90,0,0,11,Región Central,5.45,181.666666667
30507,Tuis,2837,,,,,,,,,,Región Central,5.45,181.666666667
30506,Pavones,4331,3,305,7.50,3.00,4.5,0,0,0,2,Región Central,5.45,181.666666667
30505,Santa Teresita,4744,,,,,,,,,,Región Central,5.45,181.666666667
30504,Santa Cruz,3208,,,,,,,,,,Región Central,5.45,181.666666667
60108,Barranca,30650,6,601,443.77,243.07,1.00,179.27,17.73,2.70,83,Región Pacífico Central,5.56,185.333333333
60109,Monte Verde,4155,6,601,12.00,0,0,0,12.00,0,4,Región Pacífico Central,5.56,185.333333333
60102,Pitahaya,2211,6,601,112.33,47.77,3.70,60.86,0,0,37,Región Pacífico Central,5.56,185.333333333
60103,Chomes,5522,6,601,189.24,110.95,9.56,68.73,0,0,49,Región Pacífico Central,5.56,185.333333333
60101,Puntarenas,8335,6,601,19.80,6.80,0,7.00,0,6,11,Región Pacífico Central,5.56,185.333333333
60106,Manzanillo,2811,6,601,53.81,48.45,3.50,1.86,0,0,20,Región Pacífico Central,5.56,185.333333333
60107,Guacimal,923,6,601,2.50,0,2.50,0,0,0,2,Región Pacífico Central,5.56,185.333333333
60104,Lepanto,9502,6,601,260.24,130.19,88.90,1.2,37.45,2.50,96,Región Pacífico Central,5.56,185.333333333
60105,Paquera,6686,6,601,282.34,127.11,99.85,9.56,38.82,3.00,115,Región Pacífico Central,5.56,185.333333333
20205,Piedades Sur,3738,2,202,21.76,5.16,6.00,8.60,2,0,13,Región Central,5.45,181.666666667
20204,Piedades Norte,8147,2,202,71.25,19.15,23.70,3.90,0,24.50,21,Región Central,5.45,181.666666667
20207,San Isidro,4478,2,202,52.25,19.00,10.20,23.05,0,0,18,Región Huetar Norte,5.14,171.333333333
20206,San Rafael,9321,2,202,90.85,65.25,6.50,18.10,1,0.00,32,Región Central,5.45,181.666666667
20201,San Ramón,8717,2,202,1.80,0,0,1.00,0,0.80,2,Región Central,5.45,181.666666667
20203,San Juan,11695,2,202,20.45,10.60,5.50,4.30,0,0.05,10,Región Central,5.45,181.666666667
20202,Santiago,4535,2,202,47.17,13.45,17.50,11.72,2.5,2.00,34,Región Central,5.45,181.666666667
11102,San Rafael,7040,1,111,8.36,7.86,0.50,0,0,0,5,Región Central,5.45,181.666666667
11103,Dulce Nombre de Jesús,9744,1,111,25.19,25.19,0,0,0,0,8,Región Central,5.45,181.666666667
11101,San Isidro,16625,1,111,26.16,20.85,0,5.31,0,0,19,Región Central,5.45,181.666666667
20209,Alfaro,7137,2,202,52.14,34.48,11.60,1.50,0,4.56,21,Región Central,5.45,181.666666667
20208,Ángeles,8500,2,202,27.03,14.00,8.00,2.90,2.13,0,20,Región Central,5.45,181.666666667
11104,Patalillo,20349,1,111,4.75,2.35,0,2.40,0,0,5,Región Central,5.45,181.666666667
11105,Cascajal,6728,1,111,12.12,12.12,0,0,0,0,5,Región Central,5.45,181.666666667
40301,Santo Domingo,4730,4,403,0.00,0,0,0,0,0,1,Región Central,5.45,181.666666667
40306,Santa Rosa,7269,4,403,281.53,258.50,14.25,8.78,0,0,18,Región Central,5.45,181.666666667
70201,Guápiles,36469,7,702,59.83,40.83,6.00,10.00,3.00,0,14,Región Huetar Atlántica,5.13,171
11605,Carara,1810,1,116,24.00,1.00,23.00,0,0,0,4,Región Central,5.45,181.666666667
11604,San Luis,517,1,116,1.00,1.00,0,0,0,0,1,Región Central,5.45,181.666666667
10601,Aserrí,28191,1,106,5.80,4.00,0,1.60,0,0.00,11,Región Central,5.45,181.666666667
11601,San Pablo,1357,1,116,17.70,9.45,7.50,0.75,0,0,13,Región Central,5.45,181.666666667
10607,Salitrillos,13676,1,106,5.08,3.22,0.60,0,0,1.26,5,Región Central,5.45,181.666666667
11603,San Juan de Mata,1182,1,116,13.85,6.10,3.75,0,4,0,13,Región Central,5.45,181.666666667
11602,San Pedro,646,1,116,8.75,5.55,3.20,0,0,0,6,Región Central,5.45,181.666666667
50801,Tilarán,8677,5,508,19.78,16.50,2.20,1.00,0.08,0,11,Región Chorotega,5.62,187.333333333
50802,Quebrada Grande,2700,5,508,3.00,3.00,0,0,0,0,2,Región Chorotega,5.62,187.333333333
50803,Tronadora,1795,5,508,0.68,0.50,0,0,0,0.18,2,Región Chorotega,5.62,187.333333333
50804,Santa Rosa,1945,5,508,36.00,23.70,12,0.30,0,0,19,Región Chorotega,5.62,187.333333333
50805,Líbano,865,5,508,0.50,0.50,0,0,0,0,1,Región Chorotega,5.62,187.333333333
50806,Tierras Morenas,1358,5,508,18.50,12.00,5.50,1.00,0,0,7,Región Chorotega,5.62,187.333333333
50807,Arenal,2300,5,508,3.00,1.00,2.00,0,0,0,2,Región Chorotega,5.62,187.333333333
70206,Colorado,3985,7,702,41.68,6.16,4.00,26.02,5.50,0,14,Región Huetar Atlántica,5.13,171
70203,Rita,24041,7,702,252.72,66.69,28.54,157.49,0,0,49,Región Huetar Atlántica,5.13,171
20108,San Rafael,26248,2,201,588.22,366.25,58.79,123.60,34.58,5.00,169,Región Central,5.45,181.666666667
20109,Río Segundo,10794,2,201,264.02,230.44,5.60,23.22,3.50,1.26,62,Región Central,5.45,181.666666667
20106,San Isidro,17294,2,201,80.59,27.32,31.35,21.92,0,0,37,Región Central,5.45,181.666666667
20107,Sabanilla,9059,2,201,35.37,3.50,19.05,9.82,0,3.00,15,Región Central,5.45,181.666666667
20104,San Antonio,24971,2,201,162.87,61.04,17.11,79.72,3.00,2.00,68,Región Central,5.45,181.666666667
20105,Guácima,20183,2,201,499.87,253.06,146.48,78.85,4.80,16.68,275,Región Central,5.45,181.666666667
20102,San José,41656,2,201,422.23,246.78,25.05,136.65,3.00,10.75,164,Región Central,5.45,181.666666667
20103,Carrizal,6856,2,201,21.87,1.00,15.61,5.26,0,0,9,Región Central,5.45,181.666666667
20101,Alajuela,42975,2,201,201.58,137.36,15.92,46.30,2.00,0,92,Región Central,5.45,181.666666667
70204,Roxana,16790,7,702,233.87,40.70,28.50,149.67,0,15.00,47,Región Huetar Atlántica,5.13,171
50504,Belén,8841,5,505,779.54,221.25,500.03,18.76,0,39.50,182,Región Chorotega,5.62,187.333333333
50501,Filadelfia,7953,5,505,1877.79,176.50,1552.70,66.84,0,36.75,156,Región Chorotega,5.62,187.333333333
50503,Sardinal,14912,5,505,2037.40,702.70,1070.16,75.56,150.08,38.90,505,Región Chorotega,5.62,187.333333333
50502,Palmira,5416,5,505,791.87,290.71,400.05,19.81,73.00,8.30,118,Región Chorotega,5.62,187.333333333
70404,Telire,6240,,,,,,,,,,Región Huetar Atlántica,5.13,171
70402,Sixaola,8861,7,704,173.04,127.38,3.75,29.50,1.00,0,46,Región Huetar Atlántica,5.13,171
70403,Cahuita,8293,7,704,179.75,155.64,0,12.61,11.50,0,41,Región Huetar Atlántica,5.13,171
70401,Bratsi,7318,7,704,52.50,46.50,0,6.00,0,0,7,Región Huetar Atlántica,5.13,171
70205,Cariari,34176,7,702,364.74,122.12,37.16,205.46,0,0,60,Región Huetar Atlántica,5.13,171
20403,Jesús María,2397,2,204,90.09,63.14,23.55,3.40,0,0,47,Región Pacífico Central,5.56,185.333333333
20402,Desmonte,1047,2,204,16.45,8.00,5.75,0,2.00,0.70,12,Región Pacífico Central,5.56,185.333333333
20401,San Mateo,2692,2,204,55.69,29.99,5.70,12.00,8,0,31,Región Pacífico Central,5.56,185.333333333
40901,San Pablo,19412,4,409,105.20,73.65,0,31.55,0,0,19,Región Central,5.45,181.666666667
40902,Rincón Sabanilla,8259,,,,,,,,,,Región Central,5.45,181.666666667
11504,San Rafael,9692,1,115,33.40,11.50,8.95,12.95,0,0,11,Región Central,5.45,181.666666667
11502,Sabanilla,10775,1,115,17.00,15.50,1.50,0,0,0,3,Región Central,5.45,181.666666667
11503,Mercedes,4688,1,115,61.24,41.44,0,19.80,0,0,30,Región Central,5.45,181.666666667
11501,San Pedro,23977,1,115,130.96,107.77,2.10,21.09,0,0,89,Región Central,5.45,181.666666667
50604,Bebedero,2084,5,506,41.70,39.90,0,1.80,0,0,12,Región Chorotega,5.62,187.333333333
50605,Porozal,669,5,506,61.862,54.70,1.00,6.162,0,0,24,Región Chorotega,5.62,187.333333333
50602,Palmira,988,5,506,5.60,3.60,0,0,2.00,0.00,5,Región Chorotega,5.62,187.333333333
50603,San Miguel,1644,5,506,37.81,19.75,9.35,8.71,0,0,21,Región Chorotega,5.62,187.333333333
50601,Cañas,20816,5,506,240.52,155.07,30.09,53.36,2,0,107,Región Chorotega,5.62,187.333333333
50309,Tamarindo,6375,5,503,428.92,196.33,165.95,1.89,62.75,2.00,121,Región Chorotega,5.62,187.333333333
50308,Cabo Velas,3362,5,503,440.82,229.28,72.22,12.60,120.72,6.00,191,Región Chorotega,5.62,187.333333333
50303,Veintisiete de Abril,7048,5,503,342.09,215.74,82.50,0.50,37.35,6.00,218,Región Chorotega,5.62,187.333333333
50302,Bolsón,1627,5,503,153.73,40.23,89.50,0,0,24.00,28,Región Chorotega,5.62,187.333333333
50301,Santa Cruz,21544,5,503,511.98,319.53,120.39,21.21,7.50,43.35,241,Región Chorotega,5.62,187.333333333
50307,Diriá,3905,5,503,292.82,109.51,137.44,22.30,0,23.57,52,Región Chorotega,5.62,187.333333333
50306,Cuajiniquil,1789,5,503,201.35,92.54,70.56,1.90,36.35,0.00,108,Región Chorotega,5.62,187.333333333
50305,Cartagena,3824,5,503,167.17,86.49,30.68,0,47.00,3.00,54,Región Chorotega,5.62,187.333333333
50304,Tempate,5630,5,503,336.46,146.70,85.38,1.50,94.88,8.00,131,Región Chorotega,5.62,187.333333333
40405,Santo Domingo,2879,4,404,14.50,3.50,11.00,0,0,0,8,Región Central,5.45,181.666666667
40404,Jesús,9603,4,404,82.66,22.89,35.64,17.83,0,6.30,34,Región Central,5.45,181.666666667
40406,Purabá,4573,4,404,11.23,7.23,1.50,0,0,2.00,9,Región Central,5.45,181.666666667
40401,Santa Bárbara,5944,4,404,20.50,1.50,15.00,4.00,0,0,8,Región Central,5.45,181.666666667
40403,San Juan,7662,4,404,71.14,42.24,22.80,6.10,0,0,33,Región Central,5.45,181.666666667
40402,San Pedro,5582,4,404,42.12,17.80,11.52,12.80,0,0,17,Región Central,5.45,181.666666667
70103,Río Blanco,8307,7,701,531.91,454.93,23.30,50.18,0,3.5,76,Región Huetar Atlántica,5.13,171
70102,Valle La Estrella,17908,7,701,48.94,12.89,1.30,33.75,0,1,18,Región Huetar Atlántica,5.13,171
70101,Limón,61072,7,701,105.37,60.40,1.80,42.67,0,0.5,63,Región Huetar Atlántica,5.13,171
70104,Matama,7128,7,701,188.38,98.95,17.80,66.38,5.25,0,44,Región Huetar Atlántica,5.13,171
