MAPINFO_ID,CODIGOPROVINCIA,PROVINCIA,CODIGOCANTON,CANTON,ALTERNOCANTON,ALTERNO,AM,GAM,PCD,PAcueducto_de_empresa_o_coopera,PAcueducto_del_A_y_A,PAcueducto_municipal,PAcueducto_rural_o_comunal__ASA,PNo_Aplica,POtra_fuente__Lluvia__camión_ci,PPozo,PRío_o_quebrada,VAcueducto_de_empresa_o_coopera,VAcueducto_del_A_y_A,VAcueducto_municipal,VAcueducto_rural_o_comunal__ASA,VNo_Aplica,VOtra_fuente__Lluvia__camión_ci,VPozo,VRío_o_quebrada,AASumaAbonadosPotable,AASumaPorcentajeAbonadosPotable,AASumaAbonadosNoPotable,AASumaPorcentajeAbonadosNoPotab,AASumaAbonadosSE,AASumaPorcentajeAbonadosSE,AASumaTotalAbonados,AACloroAbonadosPotable,AACloroAbonadosNoPotable,AACloroSE,AACloroTotal,AANoCloroPotable,AANoCloroNoPotable,AANoCloroSE,AANoCloroTotal,ESumaAbonadosPotable,ESumaPorcentajeAbonadosPotable,ESumaAbonadosNoPotable,ESumaPorcentajeAbonadosNoPotabl,ESumaAbonadosSE,ESumaPorcentajeAbonadosSE,ESumaTotalAbonados,ECloroAbonadosPotable,ECloroAbonadosNoPotable,ECloroSE,ECloroTotal,ENoCloroPotable,ENoCloroNoPotable,ENoCloroSE,ENoCloroTotal,ASumaAbonadosPotable,ASumaPorcentajeAbonadosPotable,ASumaAbonadosNoPotable,ASumaPorcentajeAbonadosNoPotabl,ASumaAbonadosSE,ASumaPorcentajeAbonadosSE,ASumaTotalAbonados,ACloroAbonadosPotable,ACloroAbonadosNoPotable,ACloroSE,ACloroTotal,ANoCloroPotable,ANoCloroNoPotable,ANoCloroSE,ANoCloroTotal,VIVIENDAS,PERSONAS,ViviendaSinTuberia,ViviendaConTuberia,ViviendaNATuberia,PersonaConAccesoTuberia,PersonaSinAccesoTuberia,PersonaNAAccesoTuberia,VivConAlcantarilladoSanitario,VivLetrina,VivNAServicio,VivSinServicio,VivTanSeptico,VivEmisarioRio,PerConAlcantarillado,PerLetrina,PerNAServicio,PerSinServicio,PerTanSeptico,PerEmisarioRio,ViviendasConTanque,ViviendasNATanque,ViviendasSinTanque,PersonasConTanque,PersonasNATanque,PersonasSinTanque,SENARAlitrosAbastPublic,SENARAlitrosDomestico,SENARAlitrosRiego,SENARAlitrosOtrosUsos,SENARAlitrosTuristico,SENARAlitrosAbrevadero,SENARAlitrosIndustrial,SENARAlitrosUrbanistico,SENARAlitrosAgroIndustria,SENARAlitrosDomesticoRiego,SENARAlitrosVarios,SENARAlitrosRiegoDomesticoTuris,SENARAlitrosSinDeterminar,SENARAlitrosRiegoTurismo,SENARAPozosAbastecimientoPublic,SENARAPozosDomestico,SENARAPozosRiego,SENARAPozosOtrosUsos,SENARAPozosTuristico,SENARAPozosAbrevadero,SENARAPozosIndustrial,SENARAPozosUrbanistico,SENARAPozosAgroindustria,SENARAPozosDomesticoRiego,SENARAPozosVarios,SENARAPozosDomesticoTurismo,SENARAPozosSinDefinir,SENARAPozosRiegoTurismo,AyALitrosSuperficial,AyALitrosSubterrraneo,AyALitrosSubsuperficial,AsadaLitrosSuperficial,AsadaLitrosSubsuperficial,AsadaLitrosSubterranea
1,1,San José,101,San José,San José,,True,True,San José_San José_Merced,,285896,,,1395,550,181,32,,81688,,,324,161,49,5,1125589,100,0,0,0,0,1125589,1125589,0,0,1125589,0,0,0,0,0,0,0,0,0,0,0,0,0,0,0,0,0,0,0,0,0,0,0,0,0,0,0,0,0,0,0,0,0,0,82227,288054,540,81363,324,284820,1839,1395,67245,183,324,133,11848,2494,230758,800,1395,382,43969,10750,9209,72694,72694,29509,1395,257150,1758,6164,3,0,495,0,3891,0,0,41,0,0,3,0,8,71,2,0,6,0,32,0,2,1,0,0,2,0,0,0,0,0,0,0
2,1,San José,102,Escazú,Escazú,,True,True,San José_Escazú_San Antonio,,55440,,,153,88,461,367,,16301,,,21,32,124,108,8383,56.51968716,0,35.38295577,1201,0,14832,8273,3369,0,11642,110,1879,1201,3190,0,0,0,0,0,0,0,0,0,0,0,0,0,0,0,0,0,0,0,0,0,0,0,0,0,0,0,0,0,0,16586,56509,118,16447,21,55971,385,153,2707,52,21,29,13674,103,8488,176,153,54,47237,401,6098,10467,10467,19811,153,36545,108,8821,1001,0,0,0,442,517,81,1181,0,0,38,0,1,144,13,0,0,0,6,4,2,10,0,0,55,0,0,0,0,0,0,0
3,1,San José,103,Desamparados,Desamparados,,True,True,San José_Desamparados_San Miguel,49,186689,113,17645,933,1058,564,1360,13,51605,32,4856,47,320,153,376,9879,100,0,0,0,0,9879,9879,0,0,9879,0,0,0,0,0,0,0,0,0,0,0,0,0,0,0,0,0,0,0,11467,52.7,2325,10.7,7962,36.6,21754,8097,508,5416,14021,3370,1817,2546,7733,57402,208411,502,56853,47,205793,1685,933,22921,247,47,104,33213,870,79591,943,933,298,123052,3594,6692,50663,50663,23969,933,183509,170,1204,65,0,0,0,540,113,0,91,0,0,1,0,2,29,2,0,1,1,8,2,1,3,0,0,7,0,0,0,0,0,0,0
4,1,San José,104,Puriscal,Puriscal,,False,False,San José_Puriscal_Mercedes Sur,9,20685,89,9808,77,439,163,1734,3,6103,28,2930,8,141,49,533,25220,100,0,0,0,0,25220,25220,0,0,25220,0,0,0,0,0,0,0,0,0,0,0,0,0,0,0,0,0,0,0,4854,45,1849,17.1,4088,37.9,10791,2770,297,300,3367,2084,1552,3788,7424,9795,33004,238,9549,8,32256,671,77,105,320,8,33,9319,10,341,921,77,78,31561,26,2168,7619,7619,7419,77,25508,130,294,118,0,0,0,0,89,0,315,60,0,128,0,2,10,2,0,0,0,0,1,0,4,1,0,21,0,0,0,0,0,0,0
5,1,San José,105,Tarrazú,Tarrazú,,False,False,San José_Tarrazú_San Lorenzo,68,582,5030,8072,3,272,213,2040,18,144,1441,2283,3,77,52,536,0,0,0,0,0,0,0,0,0,0,0,0,0,0,0,6820,100,0,0,0,0,6820,6820,0,0,6820,0,0,0,0,5202,44.1,2994,25.4,3596,30.5,11792,3839,589,1881,6309,1363,2405,1715,5483,4554,16280,120,4431,3,15883,394,3,0,256,3,6,4281,8,0,856,3,19,15366,36,493,4058,4058,1887,3,14390,38,0,1,0,0,0,0,0,0,162,0,0,0,0,1,0,1,0,0,0,0,0,0,2,0,0,1,0,0,0,0,0,0,0
6,1,San José,106,Aserrí,Aserrí,,False,False,San José_Aserrí_Tarbaca,195,6848,22569,25042,75,300,636,2227,48,1791,6446,6950,7,92,167,626,0,0,0,0,0,0,0,0,0,0,0,0,0,0,0,17038,93.7,1084,6,54,0,18176,17038,911,0,17949,0,173,54,227,20970,57.9,4481,12.4,10765,29.7,36216,20692,2520,4852,28064,278,1961,5913,8152,16127,57892,205,15915,7,57130,687,75,393,150,7,55,15396,126,1451,455,75,150,55274,487,2504,13616,13616,9188,75,48629,0,88,54,0,0,0,1,0,0,0,0,0,18,0,0,23,1,0,0,0,2,1,0,1,0,0,3,0,0,0,0,0,0,0
7,1,San José,107,Mora,Mora,,False,False,San José_Mora_Guayabo,65,13532,72,11092,17,190,420,906,21,3989,20,3279,4,64,131,278,6187,68.13876652,0,31.86123348,0,0,9080,6187,2893,0,9080,0,0,0,0,0,0,0,0,0,0,0,0,0,0,0,0,0,0,0,8082,57.2,4350,30.8,1693,12,14125,7367,1713,0,9080,715,2637,1693,5045,7786,26294,119,7663,4,25939,338,17,410,133,4,36,7183,20,1164,431,17,67,24552,63,1875,5907,5907,6254,17,20023,359,3409,895,0,1,0,401,279,0,322,63,0,73,0,5,64,11,0,1,3,6,3,4,8,1,0,38,0,0,0,0,0,0,0
8,1,San José,108,Goicoechea,Goicoechea,,True,True,San José_Goicoechea_San Francisco,13,113358,6,696,415,219,251,126,6,32199,2,168,35,51,60,34,2317,100,0,0,0,0,2317,2317,0,0,2317,0,0,0,0,0,0,0,0,0,0,0,0,0,0,0,0,0,0,0,665,59.1,0,0,461,40.9,1126,665,0,0,665,0,0,461,461,32555,115084,105,32415,35,114280,389,415,21392,213,35,25,10166,724,73595,913,415,85,37056,3020,1825,30695,30695,6475,415,108194,183,4116,5,0,362,0,1016,0,0,0,0,0,6,0,2,54,4,0,2,0,9,0,0,0,0,0,14,0,0,0,0,0,0,0
9,1,San José,109,Santa Ana,Santa Ana,,True,True,San José_Santa Ana_Salitral,41,46217,50,552,306,215,1031,711,15,13516,13,142,32,73,278,198,21814,100,0,0,0,0,21814,21814,0,0,21814,0,0,0,0,0,0,0,0,0,0,0,0,0,0,0,0,0,0,0,970,78.2,0,0,271,21.8,1241,970,0,271,1241,0,0,0,0,14267,49123,131,14104,32,48426,391,306,2105,60,32,28,11896,146,6940,246,306,66,40951,614,4672,9563,9563,15731,306,33086,487,15354,1439,0,153,213,1780,601,226,1351,151,0,14,0,8,252,22,0,1,4,18,4,4,26,2,0,46,0,0,0,0,0,0,0
10,1,San José,110,Alajuelita,Alajuelita,,True,True,San José_Alajuelita_San Josecito,5,73921,66,2009,84,251,250,1017,3,18873,20,530,20,78,65,263,3159,83.77088305,0,16.22911695,0,0,3771,2684,0,0,2684,475,612,0,1087,0,0,0,0,0,0,0,0,0,0,0,0,0,0,0,0,0,1050,44.7,1299,55.3,2349,0,0,1299,1299,0,1050,0,1050,19852,77603,265,19567,20,76537,982,84,10462,124,20,39,8698,509,41729,525,84,117,33045,2103,2017,17815,17815,7660,84,69859,0,564,120,0,0,0,0,0,0,0,0,0,184,0,0,17,1,0,0,0,0,0,0,0,0,0,15,0,0,0,0,0,0,0
11,1,San José,111,Vazquez De Coronado,Vazquez De Coronado,,False,True,San José_Vazquez De Coronado_San Rafael,16,58318,86,581,142,143,140,1060,4,16599,25,175,14,30,41,281,16066,100,0,0,0,0,16066,16066,0,0,16066,0,0,0,0,0,0,0,0,0,0,0,0,0,0,0,0,0,0,0,0,0,0,0,558,100,558,0,0,0,0,0,0,558,558,17169,60486,112,17043,14,59932,412,142,2,71,14,25,17013,44,8,264,142,76,59848,148,1970,15185,15185,6743,142,53601,525,892,0,0,0,0,48,0,0,1,0,0,39,0,4,30,0,0,1,1,1,0,0,1,0,0,64,0,0,0,0,0,0,0
12,1,San José,112,Acosta,Acosta,,False,False,San José_Acosta_Guaitil,22,4440,123,13305,38,264,82,1935,7,1289,34,3839,3,85,24,593,4030,100,0,0,0,0,4030,4030,0,0,4030,0,0,0,0,0,0,0,0,0,0,0,0,0,0,0,0,0,0,0,4526,19.9,5847,25.8,12330,54.3,22703,1559,0,8576,10135,2967,5847,3754,12568,5874,20209,146,5725,3,19738,433,38,0,329,3,37,5488,17,0,956,38,77,19080,58,474,5397,5397,1707,38,18464,0,166,0,0,0,0,0,0,0,0,0,0,0,0,0,3,0,0,0,0,0,0,0,0,0,0,1,0,0,0,0,0,0,0
13,1,San José,113,Tibás,Tibás,,True,True,San José_Tibás_Cinco Esquinas,,64639,,,131,64,4,4,,19140,,,13,17,2,1,0,0,0,0,0,0,0,0,0,0,0,0,0,0,0,0,0,0,0,0,0,0,0,0,0,0,0,0,0,0,0,0,0,0,0,0,0,0,0,0,0,0,0,0,0,19173,64842,56,19104,13,64531,180,131,15632,21,13,11,2772,724,52218,86,131,20,9287,3100,1498,17662,17662,4736,131,59975,318,624,0,0,0,0,598,0,0,208,0,0,0,0,1,10,0,0,0,0,6,0,0,1,0,0,1,0,0,0,0,0,0,0
14,1,San José,114,Moravia,Moravia,,False,True,San José_Moravia_San Jeronimo,,56415,,,230,52,152,70,,16793,,,21,20,40,21,0,0,0,0,0,0,0,0,0,0,0,0,0,0,0,0,0,0,0,0,0,0,0,0,0,0,0,0,0,0,0,0,0,0,0,0,0,0,0,0,0,0,0,0,0,16895,56919,75,16799,21,56455,234,230,7618,27,21,13,9091,125,24154,67,230,35,31967,466,2312,14562,14562,7509,230,49180,944,1553,290,0,0,0,470,286,0,143,0,0,0,0,3,32,4,0,0,0,3,1,0,2,0,0,0,0,0,0,0,0,0,0
15,1,San José,115,Montes De Oca,Montes De Oca,,True,True,San José_Montes De Oca_Sabanilla,,48552,,,329,51,176,24,,16519,,,19,14,51,5,0,0,0,0,0,0,0,0,0,0,0,0,0,0,0,0,0,0,0,0,0,0,0,0,0,0,0,0,0,0,0,0,0,0,0,0,0,0,0,0,0,0,0,0,0,16608,49132,47,16542,19,48628,175,329,9854,10,19,4,6561,160,27386,41,329,5,20738,633,2466,14123,14123,6813,329,41990,177,2569,0,0,46,0,952,0,0,64,0,0,0,0,2,34,0,0,1,0,10,0,0,2,0,0,5,0,0,0,0,0,0,0
16,1,San José,116,Turrubares,Turrubares,,False,False,San José_Turrubares_San Pedro,,2223,83,2467,17,39,50,633,,695,27,717,2,11,21,208,2437,100,0,0,0,0,2437,2437,0,0,2437,0,0,0,0,0,0,0,0,0,0,0,0,0,0,0,0,0,0,0,123,3.9,451,14.5,2542,81.6,3116,0,0,0,0,123,451,2542,3116,1681,5512,31,1648,2,5407,88,17,0,92,2,8,1578,1,0,338,17,17,5136,4,177,1502,1502,542,17,4953,0,379,654,0,0,0,43,0,0,39,0,0,3,0,0,5,8,0,0,0,1,0,0,1,0,0,2,0,0,0,0,0,0,0
17,1,San José,117,Dota,Dota,,False,False,San José_Dota_Jardin,,4119,117,1071,32,332,42,1235,,1179,31,296,2,97,12,337,0,0,0,0,0,0,0,0,0,0,0,0,0,0,0,4262,100,0,0,0,0,4262,4262,0,0,4262,0,0,0,0,158,35.5,77,17.3,210,47.2,445,0,0,0,0,158,77,210,445,1954,6948,106,1846,2,6546,370,32,0,65,2,11,1875,1,0,236,32,44,6633,3,243,1709,1709,856,32,6060,0,0,0,0,0,0,0,0,0,0,0,0,0,0,0,0,0,0,0,0,0,0,0,0,0,0,1,0,0,0,0,0,0,0
18,1,San José,118,Curridabat,Curridabat,,True,True,San José_Curridabat_Granadilla,,64754,9,,168,69,206,,,19069,2,,17,21,54,,0,0,0,0,0,0,0,0,0,0,0,0,0,0,0,0,0,0,0,0,0,0,0,0,0,0,0,0,0,0,0,0,0,0,0,0,0,0,0,0,0,0,0,0,0,19163,65206,138,19008,17,64530,508,168,8980,81,17,24,9632,429,28699,314,168,72,34344,1609,3237,15909,15909,10409,168,54629,1140,3391,487,0,0,0,312,306,108,11,0,0,196,0,9,73,8,0,0,1,10,3,1,3,0,0,2,0,0,0,0,0,0,0
19,1,San José,119,Perez Zeledón,Perez Zeledón,,False,False,San José_Perez Zeledón_General,44,74038,295,44112,614,1206,1493,12732,15,21888,92,12245,29,336,445,3487,67175,100,0,0,0,0,67175,67175,0,0,67175,0,0,0,0,0,0,0,0,0,0,0,0,0,0,0,0,0,0,0,26648,53.5,2756,5.5,20407,41,49811,23360,147,9604,33111,3288,2609,10803,16700,38537,134534,803,37705,29,131067,2853,614,2323,1024,29,145,34974,42,7421,3575,614,409,122358,157,3017,35491,35491,11059,614,122861,163,162,114,0,0,0,385,0,0,246,0,0,47,78,2,4,2,0,0,0,2,0,1,6,0,0,14,1,0,0,0,0,0,0
20,1,San José,120,León Cortés,León Cortés,,False,False,San José_León Cortés_San Andres,24,512,3956,5218,1,657,221,1611,8,137,1114,1440,1,168,64,446,0,0,0,0,0,0,0,0,0,0,0,0,0,0,0,4795,96.6,171,3.4,0,0,4966,4795,0,0,4795,0,171,0,171,4360,47.5,2766,30.1,2051,22.3,9177,700,322,0,1022,3660,2444,2051,8155,3378,12200,182,3195,1,11506,693,1,0,140,1,15,3212,10,0,481,1,39,11642,37,387,2990,2990,1440,1,10759,0,0,91,0,0,0,0,0,0,0,0,0,0,0,0,0,1,0,0,0,0,0,0,0,0,0,2,0,0,0,0,0,0,0
21,2,Alajuela,201,Alajuela,Alajuela,,False,True,Alajuela_Alajuela_San Jose,1569,83291,101357,61308,3215,476,6485,312,491,23854,29606,17019,70,128,1779,88,86568,98.8286869,0,1.171313104,0,0,87594,86568,0,0,86568,0,1026,0,1026,85135,85.6,14350,14.4,0,0,99485,83153,14350,0,97503,1982,0,0,1982,39256,69.6,472,0.8,16695,29.6,56423,21515,437,1616,23568,17741,35,15079,32855,73035,258013,428,72537,70,253287,1511,3215,12873,738,70,113,58557,684,41668,3187,3215,291,207012,2640,14642,58323,58323,49773,3215,205025,2042,23185,5241,0,661,899,7160,1906,776,5407,260,0,1514,0,20,382,78,0,9,14,106,15,21,66,2,0,208,0,0,0,0,0,0,0
22,2,Alajuela,202,San Ramón,San Ramón,,False,False,Alajuela_San Ramón_Santiago,400,42900,619,32300,298,1040,653,2356,107,12929,160,8928,11,308,180,689,47934,100,0,0,0,0,47934,47934,0,0,47934,0,0,0,0,0,0,0,0,0,0,0,0,0,0,0,0,0,0,0,27989,78.9,4863,13.7,2642,7.4,35494,16152,138,836,17126,11837,4725,1806,18368,23312,80566,440,22861,11,78831,1437,298,0,344,11,63,22829,65,0,1220,298,200,78618,230,2002,21299,21299,6815,298,73453,392,2414,1059,0,48,155,551,94,862,853,0,62,87,0,5,71,27,0,2,2,10,1,12,9,0,1,27,0,0,0,0,0,0,0
23,2,Alajuela,203,Grecia,Grecia,,False,False,Alajuela_Grecia_San Isidro,425,1737,18801,54726,254,242,637,76,99,463,5699,15173,16,73,180,22,0,0,0,0,0,0,0,0,0,0,0,0,0,0,0,14000,100,0,0,0,0,14000,12600,0,0,12600,1400,0,0,1400,38786,57.8,2208,3.3,26156,39,67150,36846,0,5744,42590,1940,2208,20412,24560,21725,76898,181,21528,16,76072,572,254,0,545,16,44,21093,27,0,2381,254,134,74039,90,1851,19858,19858,6196,254,70448,55,1346,1647,0,4,0,1537,413,638,806,51,0,233,0,1,40,27,0,1,0,22,5,10,11,1,0,66,0,0,0,0,0,0,0
24,2,Alajuela,204,San Mateo,San Mateo,,False,False,Alajuela_San Mateo_Desmonte,,4716,,1044,3,29,145,199,,1434,,285,1,9,40,66,5451,100,0,0,0,0,5451,5451,0,0,5451,0,0,0,0,0,0,0,0,0,0,0,0,0,0,0,0,0,0,0,2135,44.7,2640,55.3,0,0,4775,1024,1300,0,2324,1111,1340,0,2451,1835,6136,45,1789,1,6009,124,3,0,64,1,9,1758,3,0,187,3,20,5912,14,228,1606,1606,748,3,5385,397,483,256,0,0,127,0,0,0,327,0,0,4,0,4,11,4,0,0,2,0,0,0,7,0,0,1,0,0,0,0,0,0,0
25,2,Alajuela,205,Atenas,Atenas,,False,True,Alajuela_Atenas_Mercedes,70,13459,67,7415,11,226,574,511,25,3947,20,2153,1,64,185,144,17471,96.70652054,0,0,0,0,18066,17471,595,0,18066,0,0,0,0,0,0,0,0,0,0,0,0,0,0,0,0,0,0,0,3435,35,542,5.5,5843,59.5,9820,2731,542,5202,8475,704,0,641,1345,6539,22333,108,6430,1,21985,337,11,0,77,1,11,6438,12,0,306,11,16,21976,24,1484,5054,5054,4957,11,17365,544,6386,1057,0,53,52,0,160,133,2645,111,123,35,0,6,109,20,0,1,1,0,1,3,43,1,2,23,0,0,0,0,0,0,0
26,2,Alajuela,206,Naranjo,Naranjo,,False,False,Alajuela_Naranjo_San Jose,61,329,14247,27682,104,190,6,94,12,86,3993,7503,9,56,1,27,0,0,0,0,0,0,0,0,0,0,0,0,0,0,0,21519,96.9,684,3.1,0,0,22203,21519,684,0,22203,0,0,0,0,14517,52.4,1946,7,11242,40.6,27705,11331,280,3091,14702,3186,1666,8151,13003,11687,42713,93,11585,9,42288,321,104,0,414,9,30,11184,50,0,1731,104,74,40598,206,510,11168,11168,1826,104,40783,0,912,828,0,0,0,76,0,0,528,4,0,118,0,0,45,30,0,0,0,2,0,0,7,2,0,63,0,0,0,0,0,0,0
27,2,Alajuela,207,Palmares,Palmares,,False,False,Alajuela_Palmares_Zaragoza,48,25460,41,7357,123,219,778,690,14,7138,11,2052,8,59,199,184,26840,100,0,0,0,0,26840,26840,0,0,26840,0,0,0,0,0,0,0,0,0,0,0,0,0,0,0,0,0,0,0,7532,99.5,0,0,35,0.5,7567,7532,0,0,7532,0,0,35,35,9665,34716,179,9478,8,33938,655,123,0,84,8,15,9517,41,0,379,123,45,34046,123,1858,7799,7799,6675,123,27918,957,2513,2403,0,0,0,366,84,532,805,75,0,2,0,9,62,42,0,0,0,6,1,6,15,1,0,12,0,0,0,0,0,0,0
28,2,Alajuela,208,Poás,Poás,,False,False,Alajuela_Poás_San Juan,4,263,15835,12820,24,12,25,216,1,69,4362,3408,3,6,8,52,0,0,0,0,0,0,0,0,0,0,0,0,0,0,0,8181,65,4396,35,0,0,12577,5263,4396,0,9659,2918,0,0,2918,8079,70.8,1378,12.1,1962,17.2,11419,1780,0,0,1780,6299,1378,1962,9639,7909,29199,20,7886,3,29113,62,24,0,109,3,16,7771,10,0,484,24,48,28606,37,411,7495,7495,1490,24,27685,0,956,737,0,1,0,88,0,0,439,0,0,487,0,0,26,13,0,1,0,4,0,0,4,0,0,94,0,0,0,0,0,0,0
29,2,Alajuela,209,Orotina,Orotina,,False,False,Alajuela_Orotina_Mastate,203,2263,8026,9466,14,153,199,17,64,658,2425,2763,6,43,66,5,0,0,0,0,0,0,0,0,0,0,0,0,0,0,0,8530,100,0,0,0,0,8530,8530,0,0,8530,0,0,0,0,2117,36.8,0,0,3632,63.2,5749,2117,0,3632,5749,0,0,0,0,6030,20341,93,5931,6,20014,313,14,0,131,6,53,5835,5,0,528,14,165,19608,26,1715,4309,4309,5620,14,14707,416,6103,2071,0,139,8,1966,513,0,2139,0,0,1,0,5,67,23,0,1,2,19,4,0,24,0,0,1,0,0,0,0,0,0,0
30,2,Alajuela,210,San Carlos,San Carlos,,False,False,Alajuela_San Carlos_Florencia,1954,3316,28020,101926,803,1702,6553,2153,535,919,8463,27931,44,455,1572,561,0,0,0,0,0,0,0,0,0,0,0,0,0,0,0,25150,100,0,0,0,0,25150,25150,0,0,25150,0,0,0,0,91895,74.5,11633,9.4,19829,16.1,123357,64547,6803,2800,74150,27348,4830,17029,49207,40480,146427,1237,39199,44,140483,5141,803,0,1507,44,160,38445,324,0,6761,803,509,137212,1142,2238,38198,38198,8252,803,137372,589,659,484,0,1055,0,1324,0,712,668,79,124,0,32,10,13,9,0,16,1,19,0,17,12,1,2,7,1,0,0,0,0,0,0
31,2,Alajuela,211,Zarcero,Zarcero,,False,False,Alajuela_Zarcero_Laguna,,,3957,8128,47,2,,71,,,1168,2147,1,1,,17,0,0,0,0,0,0,0,0,0,0,0,0,0,0,0,3811,100,0,0,0,0,3811,3811,0,0,3811,0,0,0,0,3807,48.5,1039,13.2,3010,38.3,7856,2739,647,1610,4996,1068,392,1400,2860,3334,12205,23,3310,1,12074,84,47,0,72,1,3,3253,5,0,272,47,4,11870,12,335,2998,2998,1197,47,10961,0,4,1824,0,0,104,2,0,5,14,0,0,9,0,0,3,5,0,0,3,2,0,2,7,0,0,5,0,0,0,0,0,0,0
32,2,Alajuela,212,Valverde Vega,Valverde Vega,,False,False,Alajuela_Valverde Vega_Sarchi Sur,11,39,12516,5446,45,,21,7,3,10,3545,1485,5,,6,5,0,0,0,0,0,0,0,0,0,0,0,0,0,0,0,12982,100,0,0,0,0,12982,12982,0,0,12982,0,0,0,0,3186,37.6,2540,29.9,2755,32.5,8481,0,0,0,0,3186,2540,2755,8481,5059,18085,18,5036,5,17985,55,45,0,126,5,8,4874,46,0,490,45,24,17341,185,313,4741,4741,1048,45,16992,0,644,343,0,0,0,85,0,0,0,0,0,77,0,2,9,14,0,0,0,1,0,0,0,0,0,35,0,0,0,0,0,0,0
33,2,Alajuela,213,Upala,Upala,,False,False,Alajuela_Upala_Aguas Claras,111,2095,7578,30041,68,295,3249,516,38,535,2014,7907,15,102,766,156,0,0,0,0,0,0,0,0,0,0,0,0,0,0,0,6930,100,0,0,0,0,6930,6930,0,0,6930,0,0,0,0,19436,57.1,3113,9.1,11518,33.8,34067,10307,2100,5969,18376,9129,1013,5549,15691,11533,43953,1033,10485,15,39691,4194,68,0,1786,15,167,9537,28,0,7643,68,496,35601,145,527,10991,10991,1947,68,41938,0,39,291,0,0,0,29,0,0,0,0,0,85,0,0,2,3,0,0,0,1,0,0,0,0,0,5,0,155,0,0,0,0,0
34,2,Alajuela,214,Los Chiles,Los Chiles,,False,False,Alajuela_Los Chiles_Caño Negro,32,4295,35,13400,30,126,5771,46,7,1132,9,3470,7,33,1375,9,3627,100,0,0,0,0,3627,3627,0,0,3627,0,0,0,0,0,0,0,0,0,0,0,0,0,0,0,0,0,0,0,8707,72.7,1587,13.3,1683,14.1,11977,7419,367,1683,9469,1288,1220,0,2508,6042,23735,1032,5003,7,19326,4379,30,0,1485,7,65,4466,19,0,6656,30,200,16776,73,516,5519,5519,2068,30,21637,357,84,186,0,3,110,63,59,0,235,0,0,0,0,5,4,2,0,2,1,1,1,0,3,0,0,1,0,0,0,0,0,0,0
35,2,Alajuela,215,Guatuso,Guatuso,,False,False,Alajuela_Guatuso_Cote,6,632,69,14070,28,26,563,114,2,191,18,3995,4,11,146,46,0,0,0,0,0,0,0,0,0,0,0,0,0,0,0,0,0,0,0,0,0,0,0,0,0,0,0,0,0,0,15162,77.5,3643,18.6,769,3.9,19574,11828,0,769,12597,3334,3643,0,6977,4413,15508,128,4281,4,15033,447,28,0,418,4,39,3948,4,0,1443,28,80,13947,10,220,4189,4189,788,28,14692,0,0,0,0,0,0,0,0,0,0,0,61,0,0,0,0,0,0,0,0,0,0,0,0,0,1,1,0,0,0,0,0,0,0
36,3,Cartago,301,Cartago,Cartago,,False,True,Cartago_Cartago_Occidental,104,3081,116107,25435,1145,356,906,764,25,718,31049,6283,37,101,236,206,0,0,0,0,0,0,0,0,0,0,0,0,0,0,0,87964,97.6,2174,2.4,0,0,90138,87887,2174,0,90061,77,0,0,77,23561,76.8,3559,11.6,3556,11.6,30676,11033,0,1910,12943,12528,3559,1646,17733,38655,147898,243,38375,37,145889,864,1145,8472,269,37,60,29483,334,31834,1072,1145,176,112277,1394,6533,32085,32085,23737,1145,123016,328,1033,434,0,0,300,1455,177,0,49,0,0,412,0,14,56,33,0,0,3,21,3,0,9,0,0,63,1,0,0,0,0,0,0
37,3,Cartago,302,Paraíso,Paraíso,,False,True,Cartago_Paraíso_Orosi,,65,41824,14685,165,140,195,669,,18,10568,3770,4,37,48,185,0,0,0,0,0,0,0,0,0,0,0,0,0,0,0,44535,100,0,0,0,0,44535,44535,0,0,44535,0,0,0,0,5400,32,1254,7.4,10230,60.6,16884,5050,667,7083,12800,350,587,3147,4084,14630,57743,114,14512,4,57171,407,165,2351,86,4,43,11996,150,10730,276,165,109,45877,586,1082,13544,13544,4174,165,53404,191,165,819,0,16,0,589,335,0,32,155,0,4,0,1,15,19,0,1,0,3,2,0,3,1,0,9,0,0,0,0,0,0,0
38,3,Cartago,303,La Unión,La Unión,,False,True,Cartago_La Unión_San Diego,144,36891,55988,4691,348,309,464,564,36,10485,14960,1172,21,79,111,136,0,0,0,0,0,0,0,0,0,0,0,0,0,0,0,62129,100,0,0,0,0,62129,62129,0,0,62129,0,0,0,0,0,0,536,35.7,966,64.3,1502,0,0,0,0,0,536,966,1502,27000,99399,272,26707,21,98002,1049,348,5242,216,21,62,21243,216,17536,820,348,196,79586,913,2822,24157,24157,10318,348,88733,0,1113,114,0,182,0,830,0,82,0,0,0,78,0,0,24,8,0,1,2,10,0,1,0,0,0,26,0,0,0,0,0,0,0
39,3,Cartago,304,Jiménez,Jiménez,,False,False,Cartago_Jiménez_Tucurrique,50,9,4291,9709,15,134,80,381,13,1,1183,2734,11,48,23,111,0,0,0,0,0,0,0,0,0,0,0,0,0,0,0,3326,100,0,0,0,0,3326,3326,0,0,3326,0,0,0,0,6670,52.4,2275,17.9,3772,29.7,12717,5842,0,1286,7128,828,2275,2486,5589,4124,14669,77,4036,11,14435,219,15,266,44,11,22,3725,56,948,123,15,68,13306,209,135,3978,3978,476,15,14178,30,0,0,0,0,0,0,0,76,0,0,0,1,0,1,0,0,0,0,0,0,0,3,0,0,0,1,0,0,0,0,0,0,0
40,3,Cartago,305,Turrialba,Turrialba,,False,False,Cartago_Turrialba_Santa Cruz,357,421,14623,46879,131,497,679,6029,132,122,4699,13781,8,152,162,1405,0,0,0,0,0,0,0,0,0,0,0,0,0,0,0,39355,100,0,0,0,0,39355,35554,0,0,35554,3801,0,0,3801,36402,62.6,11340,19.5,10393,17.9,58135,23003,3345,2740,29088,13399,7995,7653,29047,20461,69616,726,19727,8,66038,3447,131,3740,759,8,100,15621,233,11945,3921,131,335,52472,812,1132,19321,19321,3706,131,65779,89,102,0,0,1,0,113,0,0,0,0,0,172,0,1,2,1,0,2,0,2,0,0,0,0,0,16,0,0,0,0,0,0,0
41,3,Cartago,306,Alvarado,Alvarado,,False,True,Cartago_Alvarado_Cervantes,,71,11708,2257,33,25,26,192,,16,2934,593,5,12,7,50,0,0,0,0,0,0,0,0,0,0,0,0,0,0,0,6975,92.5,315,4.2,253,0,7543,6802,315,0,7117,173,0,253,426,880,54.9,0,0,722,45.1,1602,0,0,0,0,880,0,722,1602,3617,14312,16,3596,5,14242,37,33,0,33,5,16,3555,8,0,93,33,37,14122,27,171,3441,3441,721,33,13558,0,170,4,0,0,0,0,0,0,0,0,0,105,0,0,35,10,0,0,0,0,0,0,0,0,0,53,0,0,0,0,0,0,0
42,3,Cartago,307,Oreamuno,Oreamuno,,False,True,Cartago_Oreamuno_Cot,4,27,26377,17833,85,52,665,430,1,6,6897,4038,8,16,169,105,0,0,0,0,0,0,0,0,0,0,0,0,0,0,0,25007,99.9,34,0.1,0,0,25041,25007,34,0,25041,0,0,0,0,16275,85.8,445,2.3,2259,11.9,18979,11303,0,1905,13208,4972,445,354,5771,11240,45473,35,11197,8,45267,121,85,954,94,8,27,10090,67,3946,345,85,85,40712,300,2232,9000,9000,8166,85,37222,225,103,710,0,0,3,121,505,103,3,0,0,208,0,1,37,14,0,0,1,2,1,1,2,0,0,34,0,0,0,0,0,0,0
43,3,Cartago,308,El Guarco,El Guarco,,False,True,Cartago_El Guarco_San Isidro,,24792,483,14410,310,22,552,1224,,6618,119,3629,11,8,140,317,22844,82.02218951,0,0,0,0,27851,22511,5007,0,27518,333,0,0,333,0,0,0,0,0,0,0,0,0,0,0,0,0,0,0,2916,20.5,5019,35.3,6297,44.2,14232,520,872,5229,6621,2396,4147,1068,7611,10842,41793,53,10778,11,41316,167,310,0,50,11,15,10594,172,0,162,310,39,40608,674,1872,8959,8959,7128,310,34355,0,208,10,0,0,0,0,218,56,1,0,0,1,0,0,5,6,0,0,1,1,2,1,1,0,0,2,0,0,0,0,0,0,0
44,4,Heredia,401,Heredia,Heredia,,False,True,Heredia_Heredia_Mercedes,121799,298,,523,326,178,334,158,34775,76,,156,21,48,113,48,0,0,0,0,0,0,0,0,0,0,0,0,0,0,0,89618,100,0,0,0,0,89618,89618,0,0,89618,0,0,0,0,0,0,770,78,217,22,987,0,0,217,217,0,770,0,770,35237,123616,99,35117,21,122958,332,326,15590,139,21,23,19098,366,51793,570,326,76,69404,1447,3314,31902,31902,10596,326,112694,3400,3351,154,0,0,0,1261,133,0,1,0,0,7,0,16,25,6,0,0,0,9,1,0,1,0,0,10,0,0,0,0,0,0,0
45,4,Heredia,402,Barva,Barva,,False,True,Heredia_Barva_San Pedro,6717,1281,10850,21335,135,63,84,195,1931,375,2953,5927,7,20,28,57,0,0,0,0,0,0,0,0,0,0,0,0,0,0,0,23616,100,0,0,0,0,23616,23616,0,0,23616,0,0,0,0,15671,89.7,623,3.6,1167,6.7,17461,15671,0,519,16190,0,623,648,1271,11298,40660,49,11242,7,40353,172,135,0,43,7,10,11227,11,0,152,135,29,40320,24,1505,9786,9786,5205,135,35320,541,621,161,0,1,0,223,669,0,282,0,0,497,0,3,24,9,0,1,0,1,3,0,3,0,0,118,0,0,0,0,0,0,0
46,4,Heredia,403,Santo Domingo,Santo Domingo,,False,True,Heredia_Santo Domingo_San Vicente,,194,39796,,82,,,,,53,11443,,8,,,,0,0,0,0,0,0,0,0,0,0,0,0,0,0,0,26235,99.6,113,0.4,0,0,26348,26235,113,0,26348,0,0,0,0,0,0,0,0,0,0,0,0,0,0,0,0,0,0,0,11504,40072,43,11453,8,39824,166,82,0,88,8,16,11366,26,0,327,82,47,39517,99,2516,8980,8980,8686,82,31304,4764,1820,216,0,0,0,1188,520,0,220,0,0,40,0,19,14,1,0,0,0,9,2,1,1,0,0,4,0,0,0,0,0,0,0
47,4,Heredia,404,Santa Bárbara,Santa Bárbara,,False,True,Heredia_Santa Bárbara_San Pedro,92,4,30233,5008,13,75,536,282,26,1,8391,1426,3,22,163,78,0,0,0,0,0,0,0,0,0,0,0,0,0,0,0,25437,92,2204,8,0,0,27641,21811,2204,0,24015,3626,0,0,3626,1869,47.8,0,0,2041,52.2,3910,846,0,0,846,1023,0,2041,3064,10110,36243,50,10057,3,36084,146,13,0,89,3,11,9994,13,0,315,13,30,35824,61,2453,7654,7654,8699,13,27531,160,2797,1480,0,0,0,267,102,253,983,0,0,275,0,1,54,13,0,0,0,7,1,2,11,0,0,101,0,0,0,0,0,0,0
48,4,Heredia,405,San Rafael,San Rafael,,False,True,Heredia_San Rafael_San Josesito,44228,1077,343,35,64,44,74,100,12475,310,92,13,10,17,23,27,0,0,0,0,0,0,0,0,0,0,0,0,0,0,0,31423,100,0,0,0,0,31423,31423,0,0,31423,0,0,0,0,0,0,0,0,0,0,0,0,0,0,0,0,0,0,0,12967,45965,46,12911,10,45750,151,64,409,56,10,14,12441,37,1272,209,64,28,44230,162,2363,10594,10594,7951,64,37950,519,1214,2,0,0,0,377,240,0,582,0,0,41,0,2,14,2,0,0,0,2,2,0,5,0,0,21,0,0,0,0,0,0,0
49,4,Heredia,406,San Isidro,San Isidro,,False,True,Heredia_San Isidro_San Jose,14956,1200,326,3470,87,90,379,125,4210,337,95,989,5,25,114,37,0,0,0,0,0,0,0,0,0,0,0,0,0,0,0,13847,100,0,0,0,0,13847,13847,0,0,13847,0,0,0,0,0,0,0,0,3121,100,3121,0,0,2893,2893,0,0,228,228,5812,20633,35,5772,5,20429,117,87,160,35,5,4,5604,4,535,131,87,14,19851,15,1175,4632,4632,4000,87,16546,0,1352,218,0,0,0,152,0,51,397,51,0,3,0,0,23,4,0,0,0,1,1,1,4,1,0,10,0,0,0,0,0,0,0
50,4,Heredia,407,Belén,Belén,,False,True,Heredia_Belén_Rivera,20,,21494,,73,4,42,,4,,5991,,6,1,15,,0,0,0,0,0,0,0,0,0,0,0,0,0,0,0,20154,100,0,0,0,0,20154,20154,0,0,20154,0,0,0,0,0,0,0,0,0,0,0,0,0,0,0,0,0,0,0,6017,21633,12,5999,6,21517,43,73,681,4,6,1,5287,38,2217,18,73,1,19164,160,1078,4933,4933,3771,73,17789,1929,5453,380,0,0,4,2100,165,2,145,0,0,219,0,14,56,9,0,1,2,23,2,1,3,0,0,35,0,0,0,0,0,0,0
51,4,Heredia,408,Flores,Flores,,False,True,Heredia_Flores_Barrantes,237,82,19410,92,29,,183,4,71,22,5580,26,6,,51,1,0,0,0,0,0,0,0,0,0,0,0,0,0,0,0,15215,94.7,850,5.3,0,0,16065,14774,850,0,15624,441,0,0,441,0,0,0,0,0,0,0,0,0,0,0,0,0,0,0,5757,20037,13,5738,6,19965,43,29,117,24,6,3,5601,6,369,80,29,6,19528,25,2571,3180,3180,8750,29,11258,841,1122,96,0,0,0,874,482,0,61,0,0,50,0,6,14,1,0,0,0,8,3,0,1,0,0,1,0,0,0,0,0,0,0
52,4,Heredia,409,San Pablo,San Pablo,,False,True,Heredia_San Pablo_Rincón de Sabanilla,2501,24777,252,11,101,26,3,,729,7191,76,3,5,6,1,,31020,100,0,0,0,0,31020,31020,0,0,31020,0,0,0,0,0,0,0,0,0,0,0,0,0,0,0,0,0,0,0,0,0,0,0,0,0,0,0,0,0,0,0,0,0,0,8011,27671,16,7990,5,27512,58,101,1255,15,5,6,6703,27,4041,68,101,25,23321,115,945,7061,7061,3172,101,24398,1125,957,0,0,0,0,272,0,0,0,0,0,0,0,6,6,0,0,0,0,3,0,0,0,0,0,0,0,0,0,0,0,0,0
53,4,Heredia,410,Sarapiquí,Sarapiquí,,False,False,Heredia_Sarapiquí_La Virgen,2646,3985,336,26149,340,403,22333,955,761,1124,93,7383,44,128,6001,278,0,0,0,0,0,0,0,0,0,0,0,0,0,0,0,0,0,0,0,0,0,0,0,0,0,0,0,0,0,0,26611,77.9,1952,5.7,5593,16.4,34156,23264,1225,333,24822,3347,727,5260,9334,15812,57147,1318,14450,44,51941,4866,340,0,1381,44,146,14216,25,0,5302,340,419,50992,94,3870,11898,11898,14096,340,42711,295,590,349,0,0,45,1852,44,278,131,0,0,56,0,7,15,6,0,0,1,24,4,5,3,0,0,5,0,0,0,0,0,0,0
54,5,Guanacaste,501,Liberia,Liberia,,False,False,Guanacaste_Liberia_Cañas Dulces,17,56854,125,2754,873,391,1536,437,5,15167,31,700,19,102,447,125,69004,100,0,0,0,0,69004,69004,0,0,69004,0,0,0,0,0,0,0,0,0,0,0,0,0,0,0,0,0,0,0,2048,59.4,735,21.3,665,19.3,3448,1352,700,665,2717,696,35,0,731,16596,62987,778,15799,19,59193,2921,873,2533,974,19,94,12944,32,8681,3954,873,299,49081,99,884,15693,15693,3036,873,59078,404,3712,2694,0,362,579,963,0,96,2720,476,66,12,0,4,59,42,0,10,7,19,0,1,43,7,1,5,0,155,24,8,7,7,0
55,5,Guanacaste,502,Nicoya,Nicoya,,False,False,Guanacaste_Nicoya_Mansion,130,20319,185,24200,17,390,3723,1861,40,6013,57,7133,5,124,1113,558,24260,100,0,0,0,0,24260,24260,0,0,24260,0,0,0,0,0,0,0,0,0,0,0,0,0,0,0,0,0,0,0,5903,22.9,1075,4.2,18772,72.9,25750,3369,347,7023,10739,2534,728,11749,15011,15043,50825,461,14577,5,49356,1452,17,1122,1359,5,167,12366,24,3543,4614,17,497,42072,82,1611,13427,13427,5314,17,45494,1393,6273,1464,0,206,337,210,79,0,1767,475,0,185,38,39,184,39,0,9,14,6,2,1,63,17,0,5,1,45,4,5,1,3,3
56,5,Guanacaste,503,Santa Cruz,Santa Cruz,,False,False,Guanacaste_Santa Cruz_27 De Abril,4,24096,127,25006,55,176,5244,396,2,6987,45,7704,13,76,1710,121,32153,100,0,0,0,0,32153,32153,0,0,32153,0,0,0,0,0,0,0,0,0,0,0,0,0,0,0,0,0,0,0,21097,60,1256,3.6,12811,36.4,35164,18801,1256,6880,26937,2296,0,5931,8227,16658,55104,654,15991,13,53080,1969,55,1064,1183,13,162,14207,29,3439,3871,55,439,47207,93,1902,14743,14743,5668,55,49381,1777,5814,1404,0,1142,473,151,632,171,1836,1127,388,0,115,47,216,45,0,36,20,7,14,4,63,31,6,0,7,0,26,0,0,66,4
57,5,Guanacaste,504,Bagaces,Bagaces,,False,False,Guanacaste_Bagaces_Mogote,2,6416,19,10868,10,221,1655,345,1,1843,5,3105,2,68,483,110,6077,100,0,0,0,0,6077,6077,0,0,6077,0,0,0,0,0,0,0,0,0,0,0,0,0,0,0,0,0,0,0,6073,39.5,2834,18.4,6465,42.1,15372,472,0,5887,6359,5601,2834,578,9013,5617,19536,202,5413,2,18884,642,10,0,348,2,52,5211,4,0,1311,10,141,18058,16,266,5349,5349,870,10,18656,141,808,459,0,204,137,207,126,0,704,12,0,39,0,2,17,9,0,1,2,3,1,0,9,1,0,6,0,0,6,20,0,4,3
58,5,Guanacaste,505,Carrillo,Carrillo,,False,False,Guanacaste_Carrillo_Sardinal,5,25346,496,8329,58,168,2694,26,1,6912,133,2270,10,58,761,6,30723,100,0,0,0,0,30723,30723,0,0,30723,0,0,0,0,0,0,0,0,0,0,0,0,0,0,0,0,0,0,0,4525,52.5,626,7.3,3462,40.2,8613,2650,0,2026,4676,1875,626,1436,3937,10151,37122,365,9776,10,35770,1294,58,138,778,10,102,9118,5,456,3016,58,276,33294,22,912,9229,9229,2984,58,34080,464,3509,3743,0,327,187,171,0,133,1557,1334,0,0,1,9,94,93,0,12,6,7,0,7,51,32,0,1,1,0,30,0,0,0,0
59,5,Guanacaste,506,Cañas,Cañas,,False,False,Guanacaste_Cañas_Palmira,,18429,50,5774,59,114,1520,255,,5009,10,1614,6,39,422,78,19412,100,0,0,0,0,19412,19412,0,0,19412,0,0,0,0,0,0,0,0,0,0,0,0,0,0,0,0,0,0,0,3192,64.3,381,7.7,1391,28,4964,2765,0,312,3077,427,381,1079,1887,7178,26201,163,7009,6,25584,558,59,1254,221,6,51,5635,11,4068,802,59,141,21080,51,561,6611,6611,1889,59,24253,135,1051,60,0,0,107,194,0,172,95,0,0,43,0,3,21,2,0,0,1,3,0,4,16,1,0,1,0,0,10,0,0,10,0
60,5,Guanacaste,507,Abangares,Abangares,,False,False,Guanacaste_Abangares_Sierra,5,4408,6564,5306,22,188,707,839,1,1219,1958,1561,6,71,225,276,2305,100,0,0,0,0,2305,2305,0,0,2305,0,0,0,0,0,0,8394,100,0,0,8394,0,8394,0,8394,0,0,0,0,2194,25.5,5217,60.6,1200,13.9,8611,802,0,1200,2002,1392,5217,0,6609,5317,18039,190,5121,6,17459,558,22,0,164,6,96,5045,6,0,516,22,262,17219,20,846,4465,4465,2837,22,15180,115,233,672,0,0,115,201,0,36,139,0,0,70,0,4,2,12,0,0,3,3,0,1,4,0,0,1,0,0,1,0,1,1,3
61,5,Guanacaste,508,Tilarán,Tilarán,,False,False,Guanacaste_Tilarán_Quebrada Grande,81,8734,32,9156,48,416,226,947,25,2674,10,2805,6,128,75,301,11844,100,0,0,0,0,11844,11844,0,0,11844,0,0,0,0,0,0,0,0,0,0,0,0,0,0,0,0,0,0,0,6479,53.6,4089,33.8,1521,12.6,12089,5476,0,1451,6927,1003,4089,70,5162,6024,19640,193,5825,6,18954,638,48,0,104,6,18,5889,7,0,345,48,52,19170,25,500,5518,5518,1611,48,17981,0,973,0,0,0,0,73,0,0,0,0,0,67,0,0,8,0,0,0,0,1,0,0,0,0,0,8,0,10,5,63,0,7,0
62,5,Guanacaste,509,Nandayure,Nandayure,,False,False,Guanacaste_Nandayure_Santa Rita,6,549,2710,5719,33,25,1115,964,2,161,825,1685,3,13,341,280,0,0,0,0,0,0,0,0,0,0,0,0,0,0,0,3307,100,0,0,0,0,3307,0,0,0,0,3307,0,0,3307,2342,33.6,1151,16.5,3468,49.8,6961,0,0,0,0,2342,1151,3468,6961,3310,11121,105,3202,3,10781,307,33,0,273,3,32,3000,2,0,903,33,68,10111,6,546,2761,2761,1787,33,9301,264,995,1536,0,131,0,0,0,40,598,225,0,0,0,9,51,30,0,3,4,0,0,1,17,4,0,2,0,0,0,0,0,0,4
63,5,Guanacaste,510,La Cruz,La Cruz,,False,False,Guanacaste_La Cruz_Santa Cecilia,28,6808,1112,8321,6,358,1733,815,8,1718,267,2011,5,93,437,198,4897,100,0,0,0,0,4897,4897,0,0,4897,0,0,0,0,0,0,0,0,0,0,0,0,0,0,0,0,0,0,0,770,8.6,2823,31.5,5366,59.9,8959,770,1629,4449,6848,0,1194,917,2111,4737,19181,514,4218,5,17116,2059,6,0,1130,5,86,3509,7,0,4858,6,260,14035,22,414,4318,4318,1638,6,17537,59,320,53,0,83,0,5,67,0,105,206,0,0,0,2,8,1,0,4,0,1,1,0,4,5,0,1,0,0,8,3,3,4,2
64,5,Guanacaste,511,Hojancha,Hojancha,,False,False,Guanacaste_Hojancha_Monte Romo,,2629,89,2923,,64,692,800,,739,18,833,,20,211,207,3589,100,0,0,0,0,3589,3589,0,0,3589,0,0,0,0,0,0,0,0,0,0,0,0,0,0,0,0,0,0,0,658,14,73,1.6,3971,84.5,4702,385,0,0,385,273,73,3971,4317,2028,7197,66,1962,0,6981,216,0,0,147,0,17,1862,2,0,565,0,59,6565,8,361,1667,1667,1251,0,5946,79,403,73,0,0,0,26,0,0,292,52,0,2,0,3,14,2,0,0,0,2,0,0,7,3,0,4,0,0,4,1,0,0,9
65,6,Puntarenas,601,Puntarenas,Puntarenas,,False,False,Puntarenas_Puntarenas_Pitahaya,134,81966,255,25093,756,957,4057,1801,42,23622,77,7348,32,332,1246,561,75623,98.07540171,0,1.924598285,0,0,77107,75623,1484,0,77107,0,0,0,0,0,0,0,0,0,0,0,0,0,0,0,0,0,0,0,13958,42.3,4241,12.9,14771,44.8,32970,13082,1981,4142,19205,876,2260,10629,13765,33260,115019,915,32313,32,111439,2824,756,8805,961,32,422,22450,590,30912,3315,756,1191,76712,2133,2701,30527,30527,8957,756,105306,1390,2735,500,0,275,112,1171,251,37,1229,31,0,0,3,33,84,17,0,12,5,24,2,2,39,1,0,4,3,0,12,3,3,0,0
66,6,Puntarenas,602,Esparza,Esparza,,False,False,Puntarenas_Esparza_San Juan Grande,34,21678,59,5301,50,356,918,248,10,6314,16,1622,5,106,285,82,29029,100,0,0,0,0,29029,29029,0,0,29029,0,0,0,0,0,0,0,0,0,0,0,0,0,0,0,0,0,0,0,4829,69.3,2046,29.3,98,1.4,6973,3975,1162,0,5137,854,884,98,1836,8440,28644,329,8106,5,27486,1108,50,0,187,5,40,8196,12,0,571,50,113,27867,43,1738,6697,6697,5833,50,22761,919,3265,772,0,267,317,308,167,161,1101,0,264,29,0,14,69,12,0,2,3,9,2,2,16,0,3,3,0,0,0,0,0,0,0
67,6,Puntarenas,603,Buenos Aires,Buenos Aires,,False,False,Puntarenas_Buenos Aires_Volcan,71,18486,12,13639,51,415,1002,11568,15,5106,3,3732,11,137,245,2967,17358,100,0,0,0,0,17358,17358,0,0,17358,0,0,0,0,0,0,0,0,0,0,0,0,0,0,0,0,0,0,0,2152,15,662,4.6,11495,80.3,14309,2152,245,1767,4164,0,417,9728,10145,12216,45244,970,11235,11,41426,3767,51,0,2026,11,92,10058,29,0,8052,51,266,36742,133,1270,10935,10935,4712,51,40481,137,3,65,0,0,0,12,0,4,85,0,0,23,0,4,3,1,0,0,0,3,0,1,1,0,0,2,0,0,0,0,0,0,0
68,6,Puntarenas,604,Montes De Oro,Montes De Oro,,False,False,Puntarenas_Montes De Oro_San Isidro,,7,11433,827,28,240,61,354,,1,3456,258,1,82,19,113,0,0,0,0,0,0,0,0,0,0,0,0,0,0,0,10255,100,0,0,0,0,10255,10255,0,0,10255,0,0,0,0,385,28.5,968,71.5,0,0,1353,0,0,0,0,385,968,0,1353,3930,12950,124,3805,1,12547,375,28,0,40,1,21,3863,5,0,119,28,53,12737,13,352,3577,3577,1133,28,11789,0,385,0,0,0,0,0,0,0,0,155,0,32,0,0,7,1,0,0,0,1,0,0,0,2,0,10,0,0,0,0,0,0,0
69,6,Puntarenas,605,Osa,Osa,,False,False,Puntarenas_Osa_Palmar,66,10660,,12703,91,424,1105,4384,21,3173,,3825,18,138,392,1355,14058,100,0,0,0,0,14058,14058,0,0,14058,0,0,0,0,0,0,0,0,0,0,0,0,0,0,0,0,0,0,0,6192,39.1,3717,23.5,5921,37.4,15830,2527,0,2460,4987,3665,3717,3461,10843,8922,29433,599,8305,18,27530,1812,91,249,517,18,120,7993,25,851,1581,91,280,26551,79,1012,7892,7892,3222,91,26120,152,1248,202,0,373,0,115,0,0,114,0,1021,30,139,4,18,4,0,5,0,1,0,0,1,0,11,6,2,0,0,0,0,0,0
70,6,Puntarenas,606,Aguirre,Aguirre,,False,False,Puntarenas_Aguirre_Savegre,33,15939,22,7789,25,112,2098,843,14,4847,8,2325,9,48,581,271,17178,100,0,0,0,0,17178,17178,0,0,17178,0,0,0,0,0,0,0,0,0,0,0,0,0,0,0,0,0,0,0,4655,47.1,4980,50.4,240,2.4,9875,4534,2307,240,7081,121,2673,0,2794,8103,26861,172,7922,9,26353,483,25,262,138,9,62,7601,31,885,442,25,153,25255,101,1134,6960,6960,3526,25,23310,144,994,142,0,232,0,54,0,68,400,0,727,24,1,5,23,1,0,8,0,2,0,1,6,0,6,3,1,0,0,0,0,0,0
71,6,Puntarenas,607,Golfito,Golfito,,False,False,Puntarenas_Golfito_Puerto Jimenez,33,14852,82,15154,85,307,4774,3863,10,4487,23,4432,22,100,1330,1194,7303,46.01184476,0,0,0,0,15872,7303,8569,0,15872,0,0,0,0,0,0,0,0,0,0,0,0,0,0,0,0,0,0,0,13946,72.1,3346,17.3,2062,10.7,19354,11848,700,1074,13622,2098,2646,988,5732,11598,39150,607,10969,22,36887,2178,85,702,711,22,160,9920,83,2297,2586,85,462,33454,266,1536,10040,10040,5215,85,33850,611,0,0,0,0,0,256,0,0,0,0,0,0,0,16,0,0,0,0,0,4,0,0,0,1,0,2,0,0,0,0,0,0,0
72,6,Puntarenas,608,Coto Brus,Coto Brus,,False,False,Puntarenas_Coto Brus_Sabalito,33,23440,103,9799,177,440,1382,3079,8,6820,31,2768,6,121,389,799,26847,100,0,0,0,0,26847,26847,0,0,26847,0,0,0,0,0,0,0,0,0,0,0,0,0,0,0,0,0,0,0,0,0,0,0,13741,100,13741,0,0,9436,9436,0,0,4305,4305,10942,38453,524,10412,6,36219,2057,177,0,1070,6,59,9793,14,0,4532,177,199,33487,58,1334,9602,9602,4721,177,33555,0,0,0,0,0,0,66,0,0,61,0,0,115,0,0,0,0,0,0,0,1,0,0,1,0,0,2,0,0,0,0,0,0,0
73,6,Puntarenas,609,Parrita,Parrita,,False,False,Puntarenas_Parrita_Parrita,95,4363,5,9159,67,40,1826,560,20,1334,1,2738,14,18,554,168,4899,100,0,0,0,0,4899,4899,0,0,4899,0,0,0,0,0,0,0,0,0,0,0,0,0,0,0,0,0,0,0,4067,46.6,3355,38.5,1303,14.9,8725,4067,2634,1303,8004,0,721,0,721,4847,16115,120,4713,14,15681,367,67,156,136,14,48,4491,2,526,432,67,104,14982,4,596,4237,4237,1953,67,14095,219,154,74,0,7,0,68,0,0,29,0,0,0,49,7,9,2,0,5,0,3,0,0,5,0,0,0,1,0,0,0,0,0,0
74,6,Puntarenas,610,Corredores,Corredores,,False,False,Puntarenas_Corredores_Laurel,303,20498,19,11423,67,406,7289,1826,77,5967,4,3200,13,119,2038,444,15604,66.21403717,0,33.78596283,0,0,23566,15604,7962,0,23566,0,0,0,0,0,0,0,0,0,0,0,0,0,0,0,0,0,0,0,4507,36.7,3266,26.6,4504,36.7,12277,4369,0,3489,7858,138,3266,1015,4419,11862,41831,685,11164,13,39398,2366,67,177,856,13,146,10646,24,608,3305,67,431,37342,78,1484,10365,10365,5475,67,36289,67,100,0,0,0,0,66,0,0,26,40,0,0,0,4,2,0,0,0,0,1,0,0,1,1,0,9,0,0,0,0,0,0,0
75,6,Puntarenas,611,Garabito,Garabito,,False,False,Puntarenas_Garabito_Tarcoles,74,5950,112,9735,7,126,859,366,33,1922,35,2930,7,32,249,112,14072,100,0,0,0,0,14072,14072,0,0,14072,0,0,0,0,0,0,0,0,0,0,0,0,0,0,0,0,0,0,0,9320,73.5,3023,23.8,340,2.7,12683,9240,2198,0,11438,80,825,340,1245,5320,17229,182,5131,7,16575,647,7,162,79,7,28,5032,12,480,253,7,71,16372,46,794,4519,4519,2455,7,14767,33,3207,1251,0,1069,333,239,0,42,1829,0,228,282,125,2,39,14,0,20,3,7,0,1,23,0,3,5,2,0,0,0,0,0,0
76,7,Limón,701,Limón,Limón,,False,False,Limón_Limón_Río Blanco,581,65770,563,11586,636,1208,4730,9341,157,19301,164,3256,47,380,1314,2094,61392,100,0,0,0,0,61392,60183,0,0,60183,1209,0,0,1209,0,0,0,0,0,0,0,0,0,0,0,0,0,0,0,10817,66.4,1952,12,3530,21.7,16299,10112,1109,0,11221,705,843,3530,5078,26713,94415,1910,24756,47,85620,8159,636,7041,1898,47,322,16934,471,23216,8857,636,835,59223,1648,3964,22702,22702,14143,636,79636,239,130,0,0,5,0,383,285,133,68,0,0,0,0,9,5,0,0,3,0,13,4,2,6,0,0,2,0,0,0,0,0,0,0
77,7,Limón,702,Pococí,Pococí,,False,False,Limón_Pococí_Jimenez,1325,75504,447,16745,644,413,29964,920,373,21988,130,4875,23,151,8441,280,72756,97.32853531,0,2.67146469,0,0,74753,72756,0,0,72756,0,1997,0,1997,0,0,0,0,0,0,0,0,0,0,0,0,0,0,0,14696,55,1130,4.2,10914,40.8,26740,9976,0,5453,15429,4720,1130,5461,11311,36261,125962,1685,34553,23,119457,5861,644,381,1541,23,249,34011,56,1299,5697,644,673,117455,194,6179,30059,30059,22147,644,103171,794,291,148,0,42,0,893,191,396,216,63,0,411,0,15,11,3,0,4,0,22,3,7,27,1,0,12,0,0,0,0,0,0,0
78,7,Limón,703,Siquirres,Siquirres,,False,False,Limón_Siquirres_Pacuarito,2275,24020,465,19567,277,328,7553,2301,649,6903,138,5633,48,123,2116,644,22385,100,0,0,0,0,22385,22385,0,0,22385,0,0,0,0,0,0,0,0,0,0,0,0,0,0,0,0,0,0,0,5454,21.2,9213,35.7,11111,43.1,25778,3211,0,9052,12263,2243,9213,2059,13515,16254,56786,731,15475,48,54145,2364,277,0,752,48,186,15211,57,0,2703,277,483,53119,204,1829,14377,14377,6443,277,50066,345,95,16,0,77,41,379,75,100,157,36,0,0,0,8,5,1,0,1,1,12,1,3,10,1,0,3,0,0,0,0,0,0,0
79,7,Limón,704,Talamanca,Talamanca,,False,False,Limón_Talamanca_Sixaola,919,4161,57,11758,73,453,7330,5961,192,1208,21,3032,15,157,1963,1426,1705,100,0,0,0,0,1705,1705,0,0,1705,0,0,0,0,0,0,0,0,0,0,0,0,0,0,0,0,0,0,0,2915,19.2,3188,21,9107,59.9,15210,1144,1750,0,2894,1771,1438,9107,12316,8014,30712,1789,6210,15,23573,7066,73,0,2098,15,145,5732,24,0,8755,73,478,21300,106,1754,6245,6245,6527,73,24112,953,113,0,0,35,0,0,65,0,46,0,7,3,0,24,3,0,0,5,0,0,1,0,2,0,1,1,0,0,0,0,0,0,0
80,7,Limón,705,Matina,Matina,,False,False,Limón_Matina_Batan,817,18737,205,7536,357,317,7730,2022,247,5207,53,2106,54,104,2144,549,14174,100,0,0,0,0,14174,14174,0,0,14174,0,0,0,0,0,0,0,0,0,0,0,0,0,0,0,0,0,0,0,4418,42.9,2226,21.6,3655,35.5,10299,4418,609,3655,8682,0,1617,0,1617,10464,37721,1271,9139,54,32826,4538,357,811,1045,54,192,8325,37,2771,4013,357,518,29945,117,1244,9166,9166,4649,357,32715,710,130,0,0,1,0,0,0,15,43,125,0,0,0,11,4,0,0,1,0,2,0,1,6,2,0,1,0,0,0,0,0,0,0
81,7,Limón,706,Guácimo,Guácimo,,False,False,Limón_Guácimo_Mercedes,541,23564,163,9911,312,196,6238,341,152,6802,40,2865,9,67,1743,128,29709,100,0,0,0,0,29709,29709,0,0,29709,0,0,0,0,0,0,0,0,0,0,0,0,0,0,0,0,0,0,0,3124,28.9,5347,49.5,2334,21.6,10805,0,0,2121,2121,3124,5347,213,8684,11806,41266,401,11396,9,39699,1255,312,0,349,9,88,11347,13,0,1230,312,244,39430,50,1423,10374,10374,5046,312,35908,26,0,62,0,0,0,403,0,102,85,0,0,67,0,1,2,1,0,0,0,7,0,3,6,0,0,7,0,0,0,0,0,0,0
